cod_registro;cod_cpf;dat_inicio_faixa;dat_fim_faixa;cod_faixa_risco;des_faixa_risco
21753;7811496;01/01/2019;16/01/2019;1;muito baixo
21754;9885601;01/01/2019;16/01/2019;6;alto
21755;2331480;01/01/2019;16/01/2019;3;médio baixo
21758;7217856;01/01/2019;16/01/2019;1;muito baixo
21760;6740331;02/01/2019;17/01/2019;7;muito alto
21761;3757813;02/01/2019;17/01/2019;3;médio baixo
21762;5138163;03/01/2019;18/01/2019;5;médio alto
21763;6250096;03/01/2019;18/01/2019;2;baixo
21764;5922830;03/01/2019;18/01/2019;7;muito alto
21767;4297423;04/01/2019;19/01/2019;4;médio
21768;2845389;04/01/2019;19/01/2019;3;médio baixo
21769;8485184;04/01/2019;19/01/2019;6;alto
21772;9759720;04/01/2019;19/01/2019;3;médio baixo
21773;9177533;04/01/2019;19/01/2019;4;médio
21776;5797895;04/01/2019;19/01/2019;1;muito baixo
21777;6456894;05/01/2019;20/01/2019;2;baixo
21778;2232429;06/01/2019;21/01/2019;5;médio alto
21779;1010755;06/01/2019;21/01/2019;5;médio alto
21780;7738897;06/01/2019;21/01/2019;2;baixo
21781;3990556;06/01/2019;21/01/2019;6;alto
21783;5225597;07/01/2019;22/01/2019;7;muito alto
21786;3449919;08/01/2019;23/01/2019;7;muito alto
21787;4959731;09/01/2019;24/01/2019;4;médio
21788;4463892;09/01/2019;24/01/2019;5;médio alto
21789;6548154;09/01/2019;24/01/2019;1;muito baixo
21792;2274321;10/01/2019;25/01/2019;5;médio alto
21793;9008023;10/01/2019;25/01/2019;7;muito alto
21794;4692814;12/01/2019;27/01/2019;5;médio alto
21795;5980637;13/01/2019;28/01/2019;6;alto
21796;5841700;14/01/2019;29/01/2019;6;alto
21797;5907310;15/01/2019;30/01/2019;1;muito baixo
21798;8904241;15/01/2019;30/01/2019;4;médio
21799;8770925;15/01/2019;30/01/2019;3;médio baixo
21800;8649842;16/01/2019;31/01/2019;7;muito alto
21801;4364584;16/01/2019;31/01/2019;5;médio alto
21802;7619886;16/01/2019;31/01/2019;3;médio baixo
21805;3011740;16/01/2019;31/01/2019;4;médio
21806;7811496;17/01/2019;01/02/2019;1;muito baixo
21807;9885601;17/01/2019;01/02/2019;7;muito alto
21808;2331480;17/01/2019;01/02/2019;4;médio
21810;7217856;17/01/2019;01/02/2019;1;muito baixo
21811;6740331;18/01/2019;02/02/2019;6;alto
21812;3757813;18/01/2019;02/02/2019;4;médio
21813;5138163;19/01/2019;03/02/2019;6;alto
21814;6250096;19/01/2019;03/02/2019;3;médio baixo
21815;5922830;19/01/2019;03/02/2019;7;muito alto
21817;4297423;20/01/2019;04/02/2019;4;médio
21818;2845389;20/01/2019;04/02/2019;3;médio baixo
21819;8485184;20/01/2019;04/02/2019;6;alto
21821;9759720;20/01/2019;04/02/2019;3;médio baixo
21822;9177533;20/01/2019;04/02/2019;4;médio
21823;5797895;20/01/2019;04/02/2019;1;muito baixo
21824;6456894;21/01/2019;05/02/2019;2;baixo
21827;2232429;22/01/2019;06/02/2019;5;médio alto
21828;1010755;22/01/2019;06/02/2019;5;médio alto
21829;7738897;22/01/2019;06/02/2019;2;baixo
21832;3990556;22/01/2019;06/02/2019;7;muito alto
21833;5225597;23/01/2019;07/02/2019;7;muito alto
21835;3449919;24/01/2019;08/02/2019;7;muito alto
21836;4959731;25/01/2019;09/02/2019;4;médio
21837;4463892;25/01/2019;09/02/2019;4;médio
21838;6548154;25/01/2019;09/02/2019;2;baixo
21840;2274321;26/01/2019;10/02/2019;5;médio alto
21841;9008023;26/01/2019;10/02/2019;7;muito alto
21842;4692814;28/01/2019;12/02/2019;4;médio
21843;5980637;29/01/2019;13/02/2019;6;alto
21844;5841700;30/01/2019;14/02/2019;6;alto
21845;5907310;31/01/2019;15/02/2019;1;muito baixo
21846;8904241;31/01/2019;15/02/2019;3;médio baixo
21847;8770925;31/01/2019;15/02/2019;1;muito baixo
21848;8649842;01/02/2019;16/02/2019;7;muito alto
21849;4364584;01/02/2019;16/02/2019;6;alto
21850;7619886;01/02/2019;16/02/2019;2;baixo
21852;3011740;01/02/2019;16/02/2019;5;médio alto
21854;7811496;02/02/2019;17/02/2019;1;muito baixo
21855;9885601;02/02/2019;17/02/2019;6;alto
21856;2331480;02/02/2019;17/02/2019;5;médio alto
21857;7217856;02/02/2019;17/02/2019;1;muito baixo
21858;5874907;03/02/2019;18/02/2019;4;médio
21859;6740331;03/02/2019;18/02/2019;6;alto
21860;3757813;03/02/2019;18/02/2019;4;médio
21861;5138163;04/02/2019;19/02/2019;6;alto
21862;6250096;04/02/2019;19/02/2019;2;baixo
21863;5922830;04/02/2019;19/02/2019;7;muito alto
21864;4297423;05/02/2019;20/02/2019;4;médio
21865;2845389;05/02/2019;20/02/2019;3;médio baixo
21866;8485184;05/02/2019;20/02/2019;5;médio alto
21867;9759720;05/02/2019;20/02/2019;2;baixo
21868;9177533;05/02/2019;20/02/2019;3;médio baixo
21869;5797895;05/02/2019;20/02/2019;1;muito baixo
21871;6456894;06/02/2019;21/02/2019;2;baixo
21873;2232429;07/02/2019;22/02/2019;4;médio
21874;1010755;07/02/2019;22/02/2019;5;médio alto
21875;7738897;07/02/2019;22/02/2019;2;baixo
21877;3990556;07/02/2019;22/02/2019;7;muito alto
21878;5225597;08/02/2019;23/02/2019;7;muito alto
21879;5500596;09/02/2019;24/02/2019;4;médio
21880;3449919;09/02/2019;24/02/2019;7;muito alto
21881;4959731;10/02/2019;25/02/2019;3;médio baixo
21882;4463892;10/02/2019;25/02/2019;3;médio baixo
21883;6548154;10/02/2019;25/02/2019;2;baixo
21884;2274321;11/02/2019;26/02/2019;5;médio alto
21885;9008023;11/02/2019;26/02/2019;6;alto
21886;4692814;13/02/2019;28/02/2019;4;médio
21887;5980637;14/02/2019;01/03/2019;6;alto
21888;5841700;15/02/2019;02/03/2019;6;alto
21889;5907310;16/02/2019;03/03/2019;1;muito baixo
21890;8904241;16/02/2019;03/03/2019;3;médio baixo
21891;8770925;16/02/2019;03/03/2019;1;muito baixo
21894;8649842;17/02/2019;04/03/2019;7;muito alto
21895;4364584;17/02/2019;04/03/2019;6;alto
21896;7619886;17/02/2019;04/03/2019;2;baixo
21897;3011740;17/02/2019;04/03/2019;5;médio alto
21898;7811496;18/02/2019;05/03/2019;1;muito baixo
21899;9885601;18/02/2019;05/03/2019;7;muito alto
21900;2331480;18/02/2019;05/03/2019;5;médio alto
21901;7217856;18/02/2019;05/03/2019;2;baixo
21903;5874907;19/02/2019;06/03/2019;3;médio baixo
21904;6740331;19/02/2019;06/03/2019;7;muito alto
21905;3757813;19/02/2019;06/03/2019;5;médio alto
21906;5138163;20/02/2019;07/03/2019;5;médio alto
21907;6250096;20/02/2019;07/03/2019;2;baixo
21908;5922830;20/02/2019;07/03/2019;7;muito alto
21909;4297423;21/02/2019;08/03/2019;4;médio
21910;2845389;21/02/2019;08/03/2019;3;médio baixo
21911;8485184;21/02/2019;08/03/2019;3;médio baixo
21912;9759720;21/02/2019;08/03/2019;2;baixo
21913;9177533;21/02/2019;08/03/2019;4;médio
21916;5797895;21/02/2019;08/03/2019;1;muito baixo
21917;6456894;22/02/2019;09/03/2019;2;baixo
21918;4426257;23/02/2019;10/03/2019;7;muito alto
21919;2232429;23/02/2019;10/03/2019;4;médio
21920;1010755;23/02/2019;10/03/2019;4;médio
21921;7738897;23/02/2019;10/03/2019;2;baixo
21922;3990556;23/02/2019;10/03/2019;7;muito alto
21924;5225597;24/02/2019;11/03/2019;7;muito alto
21925;5500596;25/02/2019;12/03/2019;4;médio
21926;3449919;25/02/2019;12/03/2019;6;alto
21927;4959731;26/02/2019;13/03/2019;2;baixo
21928;4463892;26/02/2019;13/03/2019;2;baixo
21929;6548154;26/02/2019;13/03/2019;1;muito baixo
21930;2274321;27/02/2019;14/03/2019;5;médio alto
21931;9008023;27/02/2019;14/03/2019;6;alto
21934;4692814;01/03/2019;16/03/2019;4;médio
21935;6587257;02/03/2019;17/03/2019;2;baixo
21936;5980637;02/03/2019;17/03/2019;6;alto
21937;1957447;03/03/2019;18/03/2019;5;médio alto
21938;5841700;03/03/2019;18/03/2019;5;médio alto
21939;5907310;04/03/2019;19/03/2019;1;muito baixo
21940;8904241;04/03/2019;19/03/2019;3;médio baixo
21941;8770925;04/03/2019;19/03/2019;1;muito baixo
21943;8649842;05/03/2019;20/03/2019;7;muito alto
21944;4364584;05/03/2019;20/03/2019;7;muito alto
21945;7619886;05/03/2019;20/03/2019;2;baixo
21946;3011740;05/03/2019;20/03/2019;5;médio alto
21947;7811496;06/03/2019;21/03/2019;1;muito baixo
21948;9885601;06/03/2019;21/03/2019;7;muito alto
21949;2331480;06/03/2019;21/03/2019;5;médio alto
21951;7217856;06/03/2019;21/03/2019;2;baixo
21952;5874907;07/03/2019;22/03/2019;3;médio baixo
21953;6740331;07/03/2019;22/03/2019;7;muito alto
21954;3757813;07/03/2019;22/03/2019;6;alto
21957;5138163;08/03/2019;23/03/2019;5;médio alto
21958;6250096;08/03/2019;23/03/2019;2;baixo
21959;5922830;08/03/2019;23/03/2019;6;alto
21961;4297423;09/03/2019;24/03/2019;5;médio alto
21962;2845389;09/03/2019;24/03/2019;4;médio
21967;8485184;09/03/2019;24/03/2019;3;médio baixo
21969;9759720;09/03/2019;24/03/2019;1;muito baixo
21970;9177533;09/03/2019;24/03/2019;1;muito baixo
21971;5797895;09/03/2019;24/03/2019;1;muito baixo
21972;6456894;10/03/2019;25/03/2019;3;médio baixo
21973;4426257;11/03/2019;26/03/2019;7;muito alto
21974;2232429;11/03/2019;26/03/2019;4;médio
21975;1010755;11/03/2019;26/03/2019;4;médio
21976;7738897;11/03/2019;26/03/2019;3;médio baixo
21977;3990556;11/03/2019;26/03/2019;7;muito alto
21978;5225597;12/03/2019;27/03/2019;7;muito alto
21980;5500596;13/03/2019;28/03/2019;4;médio
21981;3449919;13/03/2019;28/03/2019;7;muito alto
21982;4959731;14/03/2019;29/03/2019;3;médio baixo
21983;4463892;14/03/2019;29/03/2019;2;baixo
21986;6548154;14/03/2019;29/03/2019;1;muito baixo
21988;2274321;15/03/2019;30/03/2019;4;médio
21989;9008023;15/03/2019;30/03/2019;5;médio alto
21991;4692814;17/03/2019;01/04/2019;4;médio
21992;6587257;18/03/2019;02/04/2019;2;baixo
21993;5980637;18/03/2019;02/04/2019;6;alto
21994;1957447;19/03/2019;03/04/2019;6;alto
21995;5841700;19/03/2019;03/04/2019;5;médio alto
21996;5907310;20/03/2019;04/04/2019;1;muito baixo
21997;8904241;20/03/2019;04/04/2019;3;médio baixo
21998;8770925;20/03/2019;04/04/2019;2;baixo
21999;8649842;21/03/2019;05/04/2019;5;médio alto
22000;4364584;21/03/2019;05/04/2019;6;alto
22001;7619886;21/03/2019;05/04/2019;2;baixo
22003;3011740;21/03/2019;05/04/2019;6;alto
22004;2397295;22/03/2019;06/04/2019;7;muito alto
22005;7811496;22/03/2019;06/04/2019;2;baixo
22006;9885601;22/03/2019;06/04/2019;7;muito alto
22007;2331480;22/03/2019;06/04/2019;3;médio baixo
22008;7217856;22/03/2019;06/04/2019;2;baixo
22009;5874907;23/03/2019;07/04/2019;3;médio baixo
22010;6740331;23/03/2019;07/04/2019;7;muito alto
22011;3757813;23/03/2019;07/04/2019;7;muito alto
22013;5138163;24/03/2019;08/04/2019;6;alto
22014;6250096;24/03/2019;08/04/2019;2;baixo
22015;5922830;24/03/2019;08/04/2019;4;médio
22016;4688112;25/03/2019;09/04/2019;1;muito baixo
22017;4297423;25/03/2019;09/04/2019;5;médio alto
22018;2845389;25/03/2019;09/04/2019;4;médio
22021;8485184;25/03/2019;09/04/2019;2;baixo
22022;9759720;25/03/2019;09/04/2019;1;muito baixo
22023;9177533;25/03/2019;09/04/2019;1;muito baixo
22024;5797895;25/03/2019;09/04/2019;1;muito baixo
22025;6456894;26/03/2019;10/04/2019;4;médio
22027;4426257;27/03/2019;11/04/2019;7;muito alto
22028;2232429;27/03/2019;11/04/2019;3;médio baixo
22029;1010755;27/03/2019;11/04/2019;4;médio
22030;7738897;27/03/2019;11/04/2019;4;médio
22032;3990556;27/03/2019;11/04/2019;7;muito alto
22033;5225597;28/03/2019;12/04/2019;7;muito alto
22034;5500596;29/03/2019;13/04/2019;4;médio
22035;3449919;29/03/2019;13/04/2019;7;muito alto
22036;4959731;30/03/2019;14/04/2019;3;médio baixo
22039;4463892;30/03/2019;14/04/2019;1;muito baixo
22041;6548154;30/03/2019;14/04/2019;1;muito baixo
22042;2274321;31/03/2019;15/04/2019;6;alto
22045;9008023;31/03/2019;15/04/2019;3;médio baixo
22046;4692814;02/04/2019;17/04/2019;3;médio baixo
22047;6587257;03/04/2019;18/04/2019;3;médio baixo
22048;5980637;03/04/2019;18/04/2019;4;médio
22049;1957447;04/04/2019;19/04/2019;6;alto
22050;5841700;04/04/2019;19/04/2019;5;médio alto
22051;5676927;05/04/2019;20/04/2019;1;muito baixo
22052;5907310;05/04/2019;20/04/2019;1;muito baixo
22053;8904241;05/04/2019;20/04/2019;2;baixo
22054;8770925;05/04/2019;20/04/2019;1;muito baixo
22055;8649842;06/04/2019;21/04/2019;4;médio
22056;4364584;06/04/2019;21/04/2019;5;médio alto
22057;7619886;06/04/2019;21/04/2019;3;médio baixo
22058;3011740;06/04/2019;21/04/2019;7;muito alto
22059;3016240;07/04/2019;22/04/2019;7;muito alto
22060;2397295;07/04/2019;22/04/2019;6;alto
22061;7811496;07/04/2019;22/04/2019;2;baixo
22062;9885601;07/04/2019;22/04/2019;7;muito alto
22065;2331480;07/04/2019;22/04/2019;3;médio baixo
22066;7217856;07/04/2019;22/04/2019;2;baixo
22067;5874907;08/04/2019;23/04/2019;3;médio baixo
22068;6740331;08/04/2019;23/04/2019;7;muito alto
22069;3757813;08/04/2019;23/04/2019;6;alto
22070;5138163;09/04/2019;24/04/2019;7;muito alto
22071;6250096;09/04/2019;24/04/2019;3;médio baixo
22074;5922830;09/04/2019;24/04/2019;4;médio
22075;4688112;10/04/2019;25/04/2019;1;muito baixo
22076;4297423;10/04/2019;25/04/2019;5;médio alto
22077;2845389;10/04/2019;25/04/2019;2;baixo
22078;8485184;10/04/2019;25/04/2019;2;baixo
22079;9759720;10/04/2019;25/04/2019;1;muito baixo
22080;9177533;10/04/2019;25/04/2019;1;muito baixo
22081;5797895;10/04/2019;25/04/2019;2;baixo
22082;6456894;11/04/2019;26/04/2019;5;médio alto
22083;4426257;12/04/2019;27/04/2019;7;muito alto
22084;2232429;12/04/2019;27/04/2019;4;médio
22085;1010755;12/04/2019;27/04/2019;4;médio
22086;7738897;12/04/2019;27/04/2019;3;médio baixo
22087;3990556;12/04/2019;27/04/2019;7;muito alto
22088;5225597;13/04/2019;28/04/2019;7;muito alto
22089;5500596;14/04/2019;29/04/2019;5;médio alto
22090;3449919;14/04/2019;29/04/2019;7;muito alto
22091;4959731;15/04/2019;30/04/2019;4;médio
22093;4463892;15/04/2019;30/04/2019;2;baixo
22094;6548154;15/04/2019;30/04/2019;1;muito baixo
22095;2274321;16/04/2019;01/05/2019;5;médio alto
22097;9008023;16/04/2019;01/05/2019;3;médio baixo
22098;4692814;18/04/2019;03/05/2019;4;médio
22101;6587257;19/04/2019;04/05/2019;2;baixo
22102;5980637;19/04/2019;04/05/2019;4;médio
22105;1957447;20/04/2019;05/05/2019;6;alto
22106;5841700;20/04/2019;05/05/2019;5;médio alto
22109;5676927;21/04/2019;06/05/2019;2;baixo
22110;5907310;21/04/2019;06/05/2019;1;muito baixo
22111;8904241;21/04/2019;06/05/2019;1;muito baixo
22114;8770925;21/04/2019;06/05/2019;1;muito baixo
22116;8649842;22/04/2019;07/05/2019;4;médio
22117;4364584;22/04/2019;07/05/2019;5;médio alto
22120;7619886;22/04/2019;07/05/2019;3;médio baixo
22121;3011740;22/04/2019;07/05/2019;7;muito alto
22122;3016240;23/04/2019;08/05/2019;7;muito alto
22123;2397295;23/04/2019;08/05/2019;7;muito alto
22124;7811496;23/04/2019;08/05/2019;1;muito baixo
22127;9885601;23/04/2019;08/05/2019;6;alto
22129;2331480;23/04/2019;08/05/2019;3;médio baixo
22130;7217856;23/04/2019;08/05/2019;2;baixo
22131;5874907;24/04/2019;09/05/2019;3;médio baixo
22132;6740331;24/04/2019;09/05/2019;7;muito alto
22133;3757813;24/04/2019;09/05/2019;5;médio alto
22134;5138163;25/04/2019;10/05/2019;7;muito alto
22137;6250096;25/04/2019;10/05/2019;1;muito baixo
22139;5922830;25/04/2019;10/05/2019;4;médio
22140;4688112;26/04/2019;11/05/2019;1;muito baixo
22141;4297423;26/04/2019;11/05/2019;6;alto
22142;2845389;26/04/2019;11/05/2019;2;baixo
22143;8485184;26/04/2019;11/05/2019;1;muito baixo
22144;9759720;26/04/2019;11/05/2019;2;baixo
22145;9177533;26/04/2019;11/05/2019;1;muito baixo
22146;5797895;26/04/2019;11/05/2019;2;baixo
22147;8240594;27/04/2019;12/05/2019;1;muito baixo
22148;6456894;27/04/2019;12/05/2019;6;alto
22149;4426257;28/04/2019;13/05/2019;7;muito alto
22150;2232429;28/04/2019;13/05/2019;4;médio
22151;1010755;28/04/2019;13/05/2019;3;médio baixo
22154;7738897;28/04/2019;13/05/2019;2;baixo
22155;3990556;28/04/2019;13/05/2019;7;muito alto
22156;5225597;29/04/2019;14/05/2019;7;muito alto
22157;5500596;30/04/2019;15/05/2019;5;médio alto
22158;3449919;30/04/2019;15/05/2019;7;muito alto
22161;4959731;01/05/2019;16/05/2019;5;médio alto
22162;4463892;01/05/2019;16/05/2019;3;médio baixo
22163;6548154;01/05/2019;16/05/2019;1;muito baixo
22164;2274321;02/05/2019;17/05/2019;4;médio
22165;9008023;02/05/2019;17/05/2019;4;médio
22167;7821720;03/05/2019;18/05/2019;1;muito baixo
22168;6053807;03/05/2019;18/05/2019;3;médio baixo
22169;4692814;04/05/2019;19/05/2019;5;médio alto
22171;6014416;05/05/2019;20/05/2019;2;baixo
22172;3824020;05/05/2019;20/05/2019;2;baixo
22173;6587257;05/05/2019;20/05/2019;3;médio baixo
22174;5980637;05/05/2019;20/05/2019;4;médio
22176;9537505;06/05/2019;21/05/2019;6;alto
22177;1957447;06/05/2019;21/05/2019;6;alto
22178;5841700;06/05/2019;21/05/2019;7;muito alto
22180;9628573;07/05/2019;22/05/2019;1;muito baixo
22181;5676927;07/05/2019;22/05/2019;3;médio baixo
22182;5907310;07/05/2019;22/05/2019;1;muito baixo
22183;8904241;07/05/2019;22/05/2019;2;baixo
22185;8770925;07/05/2019;22/05/2019;2;baixo
22186;8649842;08/05/2019;23/05/2019;3;médio baixo
22189;4364584;08/05/2019;23/05/2019;6;alto
22191;7619886;08/05/2019;23/05/2019;3;médio baixo
22192;3011740;08/05/2019;23/05/2019;6;alto
22193;3016240;09/05/2019;24/05/2019;6;alto
22194;2397295;09/05/2019;24/05/2019;6;alto
22195;7811496;09/05/2019;24/05/2019;1;muito baixo
22197;9885601;09/05/2019;24/05/2019;7;muito alto
22198;2331480;09/05/2019;24/05/2019;3;médio baixo
22199;7217856;09/05/2019;24/05/2019;2;baixo
22200;5874907;10/05/2019;25/05/2019;3;médio baixo
22201;6740331;10/05/2019;25/05/2019;7;muito alto
22204;3757813;10/05/2019;25/05/2019;5;médio alto
22206;2377522;11/05/2019;26/05/2019;7;muito alto
22207;6007216;11/05/2019;26/05/2019;1;muito baixo
22208;5138163;11/05/2019;26/05/2019;7;muito alto
22210;6250096;11/05/2019;26/05/2019;1;muito baixo
22211;5922830;11/05/2019;26/05/2019;3;médio baixo
22212;1484099;12/05/2019;27/05/2019;4;médio
22213;4688112;12/05/2019;27/05/2019;1;muito baixo
22214;4297423;12/05/2019;27/05/2019;7;muito alto
22215;2845389;12/05/2019;27/05/2019;1;muito baixo
22218;8485184;12/05/2019;27/05/2019;1;muito baixo
22219;9759720;12/05/2019;27/05/2019;2;baixo
22220;9177533;12/05/2019;27/05/2019;1;muito baixo
22221;5797895;12/05/2019;27/05/2019;1;muito baixo
22222;8240594;13/05/2019;28/05/2019;1;muito baixo
22223;6456894;13/05/2019;28/05/2019;7;muito alto
22224;4426257;14/05/2019;29/05/2019;7;muito alto
22225;2232429;14/05/2019;29/05/2019;5;médio alto
22228;1010755;14/05/2019;29/05/2019;5;médio alto
22230;7738897;14/05/2019;29/05/2019;2;baixo
22231;3990556;14/05/2019;29/05/2019;6;alto
22232;5225597;15/05/2019;30/05/2019;6;alto
22233;7508175;16/05/2019;31/05/2019;6;alto
22234;5500596;16/05/2019;31/05/2019;5;médio alto
22235;3449919;16/05/2019;31/05/2019;5;médio alto
22237;4959731;17/05/2019;01/06/2019;6;alto
22238;4463892;17/05/2019;01/06/2019;4;médio
22240;6548154;17/05/2019;01/06/2019;1;muito baixo
22241;2274321;18/05/2019;02/06/2019;3;médio baixo
22242;9008023;18/05/2019;02/06/2019;4;médio
22243;7821720;19/05/2019;03/06/2019;1;muito baixo
22244;6053807;19/05/2019;03/06/2019;4;médio
22245;4692814;20/05/2019;04/06/2019;5;médio alto
22246;6014416;21/05/2019;05/06/2019;2;baixo
22247;3824020;21/05/2019;05/06/2019;2;baixo
22248;6587257;21/05/2019;05/06/2019;2;baixo
22249;5980637;21/05/2019;05/06/2019;4;médio
22250;3097410;22/05/2019;06/06/2019;1;muito baixo
22251;9537505;22/05/2019;06/06/2019;6;alto
22252;1957447;22/05/2019;06/06/2019;6;alto
22253;5841700;22/05/2019;06/06/2019;7;muito alto
22254;9628573;23/05/2019;07/06/2019;1;muito baixo
22255;5676927;23/05/2019;07/06/2019;3;médio baixo
22256;5907310;23/05/2019;07/06/2019;1;muito baixo
22259;8904241;23/05/2019;07/06/2019;3;médio baixo
22260;8770925;23/05/2019;07/06/2019;1;muito baixo
22261;8649842;24/05/2019;08/06/2019;4;médio
22263;4364584;24/05/2019;08/06/2019;6;alto
22264;7619886;24/05/2019;08/06/2019;5;médio alto
22265;3011740;24/05/2019;08/06/2019;6;alto
22266;3016240;25/05/2019;09/06/2019;6;alto
22267;2397295;25/05/2019;09/06/2019;6;alto
22268;7811496;25/05/2019;09/06/2019;2;baixo
22269;9885601;25/05/2019;09/06/2019;7;muito alto
22270;2331480;25/05/2019;09/06/2019;3;médio baixo
22271;7217856;25/05/2019;09/06/2019;2;baixo
22272;5874907;26/05/2019;10/06/2019;1;muito baixo
22273;6740331;26/05/2019;10/06/2019;7;muito alto
22275;3757813;26/05/2019;10/06/2019;3;médio baixo
22276;2377522;27/05/2019;11/06/2019;7;muito alto
22277;6007216;27/05/2019;11/06/2019;1;muito baixo
22278;5138163;27/05/2019;11/06/2019;7;muito alto
22279;6250096;27/05/2019;11/06/2019;1;muito baixo
22280;5922830;27/05/2019;11/06/2019;3;médio baixo
22281;1484099;28/05/2019;12/06/2019;3;médio baixo
22282;4688112;28/05/2019;12/06/2019;2;baixo
22283;4297423;28/05/2019;12/06/2019;7;muito alto
22284;2845389;28/05/2019;12/06/2019;1;muito baixo
22285;8485184;28/05/2019;12/06/2019;1;muito baixo
22286;9759720;28/05/2019;12/06/2019;2;baixo
22287;9177533;28/05/2019;12/06/2019;1;muito baixo
22288;5797895;28/05/2019;12/06/2019;1;muito baixo
22289;8240594;29/05/2019;13/06/2019;1;muito baixo
22290;6456894;29/05/2019;13/06/2019;6;alto
22291;4426257;30/05/2019;14/06/2019;7;muito alto
22292;2232429;30/05/2019;14/06/2019;5;médio alto
22294;1010755;30/05/2019;14/06/2019;5;médio alto
22295;7738897;30/05/2019;14/06/2019;1;muito baixo
22296;3990556;30/05/2019;14/06/2019;5;médio alto
22297;5225597;31/05/2019;15/06/2019;6;alto
22298;7508175;01/06/2019;16/06/2019;6;alto
22299;5500596;01/06/2019;16/06/2019;5;médio alto
22300;3449919;01/06/2019;16/06/2019;7;muito alto
22301;4959731;02/06/2019;17/06/2019;5;médio alto
22303;4463892;02/06/2019;17/06/2019;6;alto
22304;6548154;02/06/2019;17/06/2019;1;muito baixo
22305;7995817;03/06/2019;18/06/2019;3;médio baixo
22306;2274321;03/06/2019;18/06/2019;3;médio baixo
22308;9008023;03/06/2019;18/06/2019;4;médio
22309;7821720;04/06/2019;19/06/2019;1;muito baixo
22310;6053807;04/06/2019;19/06/2019;4;médio
22311;4692814;05/06/2019;20/06/2019;5;médio alto
22312;6014416;06/06/2019;21/06/2019;2;baixo
22313;3824020;06/06/2019;21/06/2019;2;baixo
22314;6587257;06/06/2019;21/06/2019;2;baixo
22315;5980637;06/06/2019;21/06/2019;5;médio alto
22316;3097410;07/06/2019;22/06/2019;1;muito baixo
22317;9537505;07/06/2019;22/06/2019;6;alto
22318;1957447;07/06/2019;22/06/2019;6;alto
22319;5841700;07/06/2019;22/06/2019;7;muito alto
22320;3083147;08/06/2019;23/06/2019;2;baixo
22321;9628573;08/06/2019;23/06/2019;2;baixo
22322;5676927;08/06/2019;23/06/2019;3;médio baixo
22323;5907310;08/06/2019;23/06/2019;1;muito baixo
22325;8904241;08/06/2019;23/06/2019;5;médio alto
22326;8770925;08/06/2019;23/06/2019;1;muito baixo
22327;8649842;09/06/2019;24/06/2019;7;muito alto
22328;4364584;09/06/2019;24/06/2019;6;alto
22329;7619886;09/06/2019;24/06/2019;4;médio
22330;3011740;09/06/2019;24/06/2019;6;alto
22331;3016240;10/06/2019;25/06/2019;7;muito alto
22332;2397295;10/06/2019;25/06/2019;6;alto
22333;7811496;10/06/2019;25/06/2019;3;médio baixo
22334;9885601;10/06/2019;25/06/2019;7;muito alto
22336;2331480;10/06/2019;25/06/2019;3;médio baixo
22337;7217856;10/06/2019;25/06/2019;2;baixo
22338;5874907;11/06/2019;26/06/2019;1;muito baixo
22341;6740331;11/06/2019;26/06/2019;7;muito alto
22342;3757813;11/06/2019;26/06/2019;3;médio baixo
22343;2377522;12/06/2019;27/06/2019;7;muito alto
22344;6007216;12/06/2019;27/06/2019;1;muito baixo
22345;5138163;12/06/2019;27/06/2019;7;muito alto
22346;6250096;12/06/2019;27/06/2019;1;muito baixo
22348;5922830;12/06/2019;27/06/2019;4;médio
22349;1484099;13/06/2019;28/06/2019;3;médio baixo
22350;4688112;13/06/2019;28/06/2019;2;baixo
22351;4297423;13/06/2019;28/06/2019;7;muito alto
22352;2845389;13/06/2019;28/06/2019;3;médio baixo
22353;8485184;13/06/2019;28/06/2019;1;muito baixo
22354;9759720;13/06/2019;28/06/2019;3;médio baixo
22355;9177533;13/06/2019;28/06/2019;1;muito baixo
22356;5797895;13/06/2019;28/06/2019;1;muito baixo
22357;8240594;14/06/2019;29/06/2019;2;baixo
22358;6456894;14/06/2019;29/06/2019;6;alto
22359;4426257;15/06/2019;30/06/2019;7;muito alto
22360;2232429;15/06/2019;30/06/2019;5;médio alto
22361;1010755;15/06/2019;30/06/2019;5;médio alto
22362;7738897;15/06/2019;30/06/2019;1;muito baixo
22363;3990556;15/06/2019;30/06/2019;6;alto
22364;5225597;16/06/2019;01/07/2019;7;muito alto
22365;7508175;17/06/2019;02/07/2019;6;alto
22366;5500596;17/06/2019;02/07/2019;6;alto
22369;3449919;17/06/2019;02/07/2019;6;alto
22370;4959731;18/06/2019;03/07/2019;4;médio
22371;4463892;18/06/2019;03/07/2019;6;alto
22372;6548154;18/06/2019;03/07/2019;1;muito baixo
22373;9094495;19/06/2019;04/07/2019;1;muito baixo
22374;7995817;19/06/2019;04/07/2019;4;médio
22375;2274321;19/06/2019;04/07/2019;2;baixo
22376;9008023;19/06/2019;04/07/2019;4;médio
22377;7821720;20/06/2019;05/07/2019;1;muito baixo
22378;6053807;20/06/2019;05/07/2019;3;médio baixo
22379;4692814;21/06/2019;06/07/2019;5;médio alto
22381;6014416;22/06/2019;07/07/2019;1;muito baixo
22382;3824020;22/06/2019;07/07/2019;2;baixo
22383;6587257;22/06/2019;07/07/2019;2;baixo
22384;5980637;22/06/2019;07/07/2019;5;médio alto
22386;3097410;23/06/2019;08/07/2019;2;baixo
22387;9537505;23/06/2019;08/07/2019;6;alto
22388;1957447;23/06/2019;08/07/2019;6;alto
22389;5841700;23/06/2019;08/07/2019;7;muito alto
22391;3083147;24/06/2019;09/07/2019;2;baixo
22392;9628573;24/06/2019;09/07/2019;1;muito baixo
22393;5676927;24/06/2019;09/07/2019;2;baixo
22394;5907310;24/06/2019;09/07/2019;2;baixo
22395;8904241;24/06/2019;09/07/2019;4;médio
22397;8770925;24/06/2019;09/07/2019;1;muito baixo
22398;8649842;25/06/2019;10/07/2019;7;muito alto
22399;4364584;25/06/2019;10/07/2019;5;médio alto
22401;7619886;25/06/2019;10/07/2019;6;alto
22402;3011740;25/06/2019;10/07/2019;6;alto
22403;3016240;26/06/2019;11/07/2019;7;muito alto
22404;2397295;26/06/2019;11/07/2019;6;alto
22405;7811496;26/06/2019;11/07/2019;3;médio baixo
22407;9885601;26/06/2019;11/07/2019;7;muito alto
22408;2331480;26/06/2019;11/07/2019;3;médio baixo
22409;7217856;26/06/2019;11/07/2019;2;baixo
22410;5874907;27/06/2019;12/07/2019;3;médio baixo
22412;6740331;27/06/2019;12/07/2019;7;muito alto
22413;3757813;27/06/2019;12/07/2019;4;médio
22414;2200218;28/06/2019;13/07/2019;7;muito alto
22415;2377522;28/06/2019;13/07/2019;7;muito alto
22416;6007216;28/06/2019;13/07/2019;1;muito baixo
22417;5138163;28/06/2019;13/07/2019;6;alto
22419;6250096;28/06/2019;13/07/2019;2;baixo
22420;5922830;28/06/2019;13/07/2019;5;médio alto
22421;1484099;29/06/2019;14/07/2019;3;médio baixo
22422;4688112;29/06/2019;14/07/2019;1;muito baixo
22423;4297423;29/06/2019;14/07/2019;7;muito alto
22424;2845389;29/06/2019;14/07/2019;3;médio baixo
22425;8485184;29/06/2019;14/07/2019;1;muito baixo
22426;9759720;29/06/2019;14/07/2019;4;médio
22427;9177533;29/06/2019;14/07/2019;1;muito baixo
22428;5797895;29/06/2019;14/07/2019;1;muito baixo
22429;8240594;30/06/2019;15/07/2019;2;baixo
22430;6456894;30/06/2019;15/07/2019;6;alto
22431;4426257;01/07/2019;16/07/2019;7;muito alto
22434;2232429;01/07/2019;16/07/2019;5;médio alto
22435;1010755;01/07/2019;16/07/2019;5;médio alto
22437;7738897;01/07/2019;16/07/2019;2;baixo
22438;3990556;01/07/2019;16/07/2019;5;médio alto
22439;5225597;02/07/2019;17/07/2019;6;alto
22440;7508175;03/07/2019;18/07/2019;5;médio alto
22441;5500596;03/07/2019;18/07/2019;7;muito alto
22443;3449919;03/07/2019;18/07/2019;6;alto
22445;4959731;04/07/2019;19/07/2019;3;médio baixo
22446;4463892;04/07/2019;19/07/2019;7;muito alto
22447;6548154;04/07/2019;19/07/2019;1;muito baixo
22448;9094495;05/07/2019;20/07/2019;1;muito baixo
22449;7995817;05/07/2019;20/07/2019;3;médio baixo
22450;2274321;05/07/2019;20/07/2019;3;médio baixo
22451;9008023;05/07/2019;20/07/2019;4;médio
22452;7821720;06/07/2019;21/07/2019;1;muito baixo
22453;6053807;06/07/2019;21/07/2019;3;médio baixo
22454;4692814;07/07/2019;22/07/2019;6;alto
22455;6014416;08/07/2019;23/07/2019;1;muito baixo
22456;3824020;08/07/2019;23/07/2019;1;muito baixo
22457;6587257;08/07/2019;23/07/2019;2;baixo
22460;5980637;08/07/2019;23/07/2019;5;médio alto
22461;3097410;09/07/2019;24/07/2019;2;baixo
22462;9537505;09/07/2019;24/07/2019;7;muito alto
22463;1957447;09/07/2019;24/07/2019;5;médio alto
22466;5841700;09/07/2019;24/07/2019;7;muito alto
22467;3083147;10/07/2019;25/07/2019;3;médio baixo
22468;9628573;10/07/2019;25/07/2019;1;muito baixo
22469;5676927;10/07/2019;25/07/2019;1;muito baixo
22470;5907310;10/07/2019;25/07/2019;2;baixo
22471;8904241;10/07/2019;25/07/2019;4;médio
22472;8770925;10/07/2019;25/07/2019;1;muito baixo
22473;8649842;11/07/2019;26/07/2019;7;muito alto
22475;4364584;11/07/2019;26/07/2019;6;alto
22476;7619886;11/07/2019;26/07/2019;7;muito alto
22477;3011740;11/07/2019;26/07/2019;5;médio alto
22478;3016240;12/07/2019;27/07/2019;6;alto
22479;2397295;12/07/2019;27/07/2019;7;muito alto
22480;7811496;12/07/2019;27/07/2019;4;médio
22481;9885601;12/07/2019;27/07/2019;7;muito alto
22482;2331480;12/07/2019;27/07/2019;3;médio baixo
22483;7217856;12/07/2019;27/07/2019;4;médio
22484;5874907;13/07/2019;28/07/2019;3;médio baixo
22485;6740331;13/07/2019;28/07/2019;7;muito alto
22487;3757813;13/07/2019;28/07/2019;4;médio
22488;2200218;14/07/2019;29/07/2019;7;muito alto
22489;2377522;14/07/2019;29/07/2019;7;muito alto
22490;6007216;14/07/2019;29/07/2019;1;muito baixo
22491;5138163;14/07/2019;29/07/2019;5;médio alto
22492;6250096;14/07/2019;29/07/2019;3;médio baixo
22493;5922830;14/07/2019;29/07/2019;4;médio
22494;1484099;15/07/2019;30/07/2019;4;médio
22495;4688112;15/07/2019;30/07/2019;1;muito baixo
22496;4297423;15/07/2019;30/07/2019;7;muito alto
22497;2845389;15/07/2019;30/07/2019;3;médio baixo
22498;8485184;15/07/2019;30/07/2019;1;muito baixo
22499;9759720;15/07/2019;30/07/2019;4;médio
22500;9177533;15/07/2019;30/07/2019;1;muito baixo
22501;5797895;15/07/2019;30/07/2019;2;baixo
22502;8240594;16/07/2019;31/07/2019;2;baixo
22503;6456894;16/07/2019;31/07/2019;7;muito alto
22504;4426257;17/07/2019;01/08/2019;6;alto
22506;2232429;17/07/2019;01/08/2019;5;médio alto
22508;1010755;17/07/2019;01/08/2019;5;médio alto
22509;7738897;17/07/2019;01/08/2019;2;baixo
22510;3990556;17/07/2019;01/08/2019;6;alto
22511;5225597;18/07/2019;02/08/2019;6;alto
22512;7508175;19/07/2019;03/08/2019;5;médio alto
22513;5500596;19/07/2019;03/08/2019;7;muito alto
22514;3449919;19/07/2019;03/08/2019;7;muito alto
22515;4959731;20/07/2019;04/08/2019;3;médio baixo
22516;4463892;20/07/2019;04/08/2019;7;muito alto
22517;6548154;20/07/2019;04/08/2019;1;muito baixo
22518;3643676;21/07/2019;05/08/2019;7;muito alto
22519;9094495;21/07/2019;05/08/2019;1;muito baixo
22520;7995817;21/07/2019;05/08/2019;3;médio baixo
22521;2274321;21/07/2019;05/08/2019;4;médio
22522;9008023;21/07/2019;05/08/2019;3;médio baixo
22523;7821720;22/07/2019;06/08/2019;1;muito baixo
22524;6053807;22/07/2019;06/08/2019;3;médio baixo
22525;4692814;23/07/2019;07/08/2019;7;muito alto
22526;6014416;24/07/2019;08/08/2019;1;muito baixo
22527;3824020;24/07/2019;08/08/2019;1;muito baixo
22528;6587257;24/07/2019;08/08/2019;3;médio baixo
22530;5980637;24/07/2019;08/08/2019;6;alto
22531;3348236;25/07/2019;09/08/2019;2;baixo
22532;3097410;25/07/2019;09/08/2019;4;médio
22533;9537505;25/07/2019;09/08/2019;6;alto
22534;1957447;25/07/2019;09/08/2019;5;médio alto
22536;5841700;25/07/2019;09/08/2019;7;muito alto
22537;3241946;26/07/2019;10/08/2019;4;médio
22538;3083147;26/07/2019;10/08/2019;3;médio baixo
22539;9628573;26/07/2019;10/08/2019;1;muito baixo
22540;5676927;26/07/2019;10/08/2019;1;muito baixo
22541;5907310;26/07/2019;10/08/2019;3;médio baixo
22543;8904241;26/07/2019;10/08/2019;4;médio
22544;8770925;26/07/2019;10/08/2019;1;muito baixo
22545;8649842;27/07/2019;11/08/2019;7;muito alto
22546;4364584;27/07/2019;11/08/2019;7;muito alto
22547;7619886;27/07/2019;11/08/2019;6;alto
22548;3011740;27/07/2019;11/08/2019;6;alto
22549;3016240;28/07/2019;12/08/2019;7;muito alto
22550;2397295;28/07/2019;12/08/2019;7;muito alto
22553;7811496;28/07/2019;12/08/2019;5;médio alto
22554;9885601;28/07/2019;12/08/2019;7;muito alto
22555;2331480;28/07/2019;12/08/2019;3;médio baixo
22556;7217856;28/07/2019;12/08/2019;3;médio baixo
22557;5874907;29/07/2019;13/08/2019;3;médio baixo
22558;6740331;29/07/2019;13/08/2019;6;alto
22559;3757813;29/07/2019;13/08/2019;4;médio
22560;4866972;30/07/2019;14/08/2019;5;médio alto
22561;2200218;30/07/2019;14/08/2019;6;alto
22562;2377522;30/07/2019;14/08/2019;7;muito alto
22563;6007216;30/07/2019;14/08/2019;2;baixo
22564;5138163;30/07/2019;14/08/2019;5;médio alto
22565;6250096;30/07/2019;14/08/2019;3;médio baixo
22566;5922830;30/07/2019;14/08/2019;5;médio alto
22567;5402797;31/07/2019;15/08/2019;5;médio alto
22568;1484099;31/07/2019;15/08/2019;5;médio alto
22569;4688112;31/07/2019;15/08/2019;1;muito baixo
22572;4297423;31/07/2019;15/08/2019;6;alto
22573;2845389;31/07/2019;15/08/2019;3;médio baixo
22574;8485184;31/07/2019;15/08/2019;1;muito baixo
22575;9759720;31/07/2019;15/08/2019;3;médio baixo
22576;9177533;31/07/2019;15/08/2019;1;muito baixo
22577;5797895;31/07/2019;15/08/2019;1;muito baixo
22578;8240594;01/08/2019;16/08/2019;2;baixo
22579;6456894;01/08/2019;16/08/2019;7;muito alto
22580;4426257;02/08/2019;17/08/2019;7;muito alto
22581;2232429;02/08/2019;17/08/2019;6;alto
22582;1010755;02/08/2019;17/08/2019;6;alto
22583;7738897;02/08/2019;17/08/2019;2;baixo
22584;3990556;02/08/2019;17/08/2019;7;muito alto
22585;5225597;03/08/2019;18/08/2019;6;alto
22586;7508175;04/08/2019;19/08/2019;4;médio
22587;5500596;04/08/2019;19/08/2019;7;muito alto
22588;3449919;04/08/2019;19/08/2019;7;muito alto
22589;4959731;05/08/2019;20/08/2019;3;médio baixo
22590;4463892;05/08/2019;20/08/2019;7;muito alto
22591;6548154;05/08/2019;20/08/2019;2;baixo
22592;3643676;06/08/2019;21/08/2019;7;muito alto
22593;9094495;06/08/2019;21/08/2019;1;muito baixo
22594;7995817;06/08/2019;21/08/2019;1;muito baixo
22595;2274321;06/08/2019;21/08/2019;4;médio
22596;9008023;06/08/2019;21/08/2019;4;médio
22597;7821720;07/08/2019;22/08/2019;1;muito baixo
22598;6053807;07/08/2019;22/08/2019;4;médio
22599;1002601;08/08/2019;23/08/2019;2;baixo
22600;4692814;08/08/2019;23/08/2019;7;muito alto
22601;6014416;09/08/2019;24/08/2019;1;muito baixo
22602;3824020;09/08/2019;24/08/2019;2;baixo
22603;6587257;09/08/2019;24/08/2019;4;médio
22604;5980637;09/08/2019;24/08/2019;6;alto
22605;3348236;10/08/2019;25/08/2019;2;baixo
22606;3097410;10/08/2019;25/08/2019;5;médio alto
22607;9537505;10/08/2019;25/08/2019;6;alto
22608;1957447;10/08/2019;25/08/2019;5;médio alto
22609;5841700;10/08/2019;25/08/2019;7;muito alto
22610;3241946;11/08/2019;26/08/2019;3;médio baixo
22611;3083147;11/08/2019;26/08/2019;4;médio
22612;9628573;11/08/2019;26/08/2019;3;médio baixo
22613;5676927;11/08/2019;26/08/2019;1;muito baixo
22616;5907310;11/08/2019;26/08/2019;2;baixo
22617;8904241;11/08/2019;26/08/2019;4;médio
22618;8770925;11/08/2019;26/08/2019;1;muito baixo
22619;8649842;12/08/2019;27/08/2019;7;muito alto
22620;4364584;12/08/2019;27/08/2019;7;muito alto
22621;7619886;12/08/2019;27/08/2019;6;alto
22622;3011740;12/08/2019;27/08/2019;6;alto
22623;3016240;13/08/2019;28/08/2019;6;alto
22626;2397295;13/08/2019;28/08/2019;6;alto
22628;7811496;13/08/2019;28/08/2019;5;médio alto
22629;9885601;13/08/2019;28/08/2019;7;muito alto
22630;2331480;13/08/2019;28/08/2019;3;médio baixo
22631;7217856;13/08/2019;28/08/2019;2;baixo
22632;5874907;14/08/2019;29/08/2019;4;médio
22634;6740331;14/08/2019;29/08/2019;6;alto
22635;3757813;14/08/2019;29/08/2019;4;médio
22636;4866972;15/08/2019;30/08/2019;5;médio alto
22637;2200218;15/08/2019;30/08/2019;5;médio alto
22638;2377522;15/08/2019;30/08/2019;7;muito alto
22639;6007216;15/08/2019;30/08/2019;2;baixo
22640;5138163;15/08/2019;30/08/2019;5;médio alto
22641;6250096;15/08/2019;30/08/2019;2;baixo
22642;5922830;15/08/2019;30/08/2019;5;médio alto
22643;5402797;16/08/2019;31/08/2019;5;médio alto
22644;1484099;16/08/2019;31/08/2019;6;alto
22645;4688112;16/08/2019;31/08/2019;1;muito baixo
22647;4297423;16/08/2019;31/08/2019;5;médio alto
22648;2845389;16/08/2019;31/08/2019;3;médio baixo
22649;8485184;16/08/2019;31/08/2019;1;muito baixo
22650;9759720;16/08/2019;31/08/2019;3;médio baixo
22651;9177533;16/08/2019;31/08/2019;1;muito baixo
22652;5797895;16/08/2019;31/08/2019;1;muito baixo
22653;8240594;17/08/2019;01/09/2019;2;baixo
22654;6456894;17/08/2019;01/09/2019;7;muito alto
22655;4426257;18/08/2019;02/09/2019;6;alto
22656;2232429;18/08/2019;02/09/2019;7;muito alto
22657;1010755;18/08/2019;02/09/2019;5;médio alto
22658;7738897;18/08/2019;02/09/2019;2;baixo
22659;3990556;18/08/2019;02/09/2019;6;alto
22660;5225597;19/08/2019;03/09/2019;6;alto
22661;7508175;20/08/2019;04/09/2019;5;médio alto
22662;5500596;20/08/2019;04/09/2019;7;muito alto
22664;3449919;20/08/2019;04/09/2019;7;muito alto
22665;4959731;21/08/2019;05/09/2019;3;médio baixo
22666;4463892;21/08/2019;05/09/2019;7;muito alto
22667;6548154;21/08/2019;05/09/2019;1;muito baixo
22668;2605959;22/08/2019;06/09/2019;4;médio
22669;2716888;22/08/2019;06/09/2019;6;alto
22670;3643676;22/08/2019;06/09/2019;6;alto
22671;9094495;22/08/2019;06/09/2019;1;muito baixo
22672;7995817;22/08/2019;06/09/2019;1;muito baixo
22673;2274321;22/08/2019;06/09/2019;3;médio baixo
22674;9008023;22/08/2019;06/09/2019;5;médio alto
22675;7821720;23/08/2019;07/09/2019;1;muito baixo
22676;6053807;23/08/2019;07/09/2019;4;médio
22677;1002601;24/08/2019;08/09/2019;1;muito baixo
22678;4692814;24/08/2019;08/09/2019;7;muito alto
22679;6014416;25/08/2019;09/09/2019;1;muito baixo
22680;3824020;25/08/2019;09/09/2019;2;baixo
22681;6587257;25/08/2019;09/09/2019;3;médio baixo
22682;5980637;25/08/2019;09/09/2019;5;médio alto
22683;3348236;26/08/2019;10/09/2019;2;baixo
22684;3097410;26/08/2019;10/09/2019;5;médio alto
22685;9537505;26/08/2019;10/09/2019;6;alto
22686;1957447;26/08/2019;10/09/2019;5;médio alto
22687;5841700;26/08/2019;10/09/2019;7;muito alto
22688;3241946;27/08/2019;11/09/2019;2;baixo
22689;3083147;27/08/2019;11/09/2019;5;médio alto
22690;9628573;27/08/2019;11/09/2019;4;médio
22691;5676927;27/08/2019;11/09/2019;1;muito baixo
22693;5907310;27/08/2019;11/09/2019;2;baixo
22694;8904241;27/08/2019;11/09/2019;3;médio baixo
22695;8770925;27/08/2019;11/09/2019;1;muito baixo
22696;8649842;28/08/2019;12/09/2019;7;muito alto
22697;4364584;28/08/2019;12/09/2019;7;muito alto
22698;7619886;28/08/2019;12/09/2019;5;médio alto
22699;3011740;28/08/2019;12/09/2019;5;médio alto
22700;3016240;29/08/2019;13/09/2019;5;médio alto
22702;2397295;29/08/2019;13/09/2019;6;alto
22703;7811496;29/08/2019;13/09/2019;6;alto
22704;9885601;29/08/2019;13/09/2019;7;muito alto
22705;2331480;29/08/2019;13/09/2019;4;médio
22706;7217856;29/08/2019;13/09/2019;2;baixo
22707;5874907;30/08/2019;14/09/2019;4;médio
22708;6740331;30/08/2019;14/09/2019;6;alto
22709;3757813;30/08/2019;14/09/2019;4;médio
22710;4866972;31/08/2019;15/09/2019;4;médio
22711;2200218;31/08/2019;15/09/2019;5;médio alto
22712;2377522;31/08/2019;15/09/2019;7;muito alto
22713;6007216;31/08/2019;15/09/2019;2;baixo
22714;5138163;31/08/2019;15/09/2019;5;médio alto
22715;6250096;31/08/2019;15/09/2019;2;baixo
22716;5922830;31/08/2019;15/09/2019;5;médio alto
22717;5402797;01/09/2019;16/09/2019;4;médio
22718;1484099;01/09/2019;16/09/2019;6;alto
22719;4688112;01/09/2019;16/09/2019;3;médio baixo
22720;4297423;01/09/2019;16/09/2019;6;alto
22721;2845389;01/09/2019;16/09/2019;3;médio baixo
22722;8485184;01/09/2019;16/09/2019;2;baixo
22723;9759720;01/09/2019;16/09/2019;3;médio baixo
22724;9177533;01/09/2019;16/09/2019;1;muito baixo
22725;5797895;01/09/2019;16/09/2019;1;muito baixo
22726;8240594;02/09/2019;17/09/2019;2;baixo
22729;6456894;02/09/2019;17/09/2019;7;muito alto
22730;4426257;03/09/2019;18/09/2019;7;muito alto
22732;2232429;03/09/2019;18/09/2019;7;muito alto
22733;1010755;03/09/2019;18/09/2019;5;médio alto
22734;7738897;03/09/2019;18/09/2019;3;médio baixo
22735;3990556;03/09/2019;18/09/2019;7;muito alto
22736;5225597;04/09/2019;19/09/2019;6;alto
22737;7508175;05/09/2019;20/09/2019;5;médio alto
22738;5500596;05/09/2019;20/09/2019;6;alto
22739;3449919;05/09/2019;20/09/2019;7;muito alto
22740;4959731;06/09/2019;21/09/2019;2;baixo
22741;4463892;06/09/2019;21/09/2019;7;muito alto
22742;6548154;06/09/2019;21/09/2019;1;muito baixo
22743;2605959;07/09/2019;22/09/2019;4;médio
22744;2716888;07/09/2019;22/09/2019;6;alto
22745;3643676;07/09/2019;22/09/2019;6;alto
22746;9094495;07/09/2019;22/09/2019;2;baixo
22747;7995817;07/09/2019;22/09/2019;1;muito baixo
22748;2274321;07/09/2019;22/09/2019;3;médio baixo
22749;9008023;07/09/2019;22/09/2019;4;médio
22750;7821720;08/09/2019;23/09/2019;2;baixo
22751;6053807;08/09/2019;23/09/2019;5;médio alto
22756;9376462;09/09/2019;24/09/2019;2;baixo
22757;1002601;09/09/2019;24/09/2019;1;muito baixo
22758;4692814;09/09/2019;24/09/2019;6;alto
22759;6014416;10/09/2019;25/09/2019;1;muito baixo
22760;3824020;10/09/2019;25/09/2019;3;médio baixo
22765;6587257;10/09/2019;25/09/2019;1;muito baixo
22767;5980637;10/09/2019;25/09/2019;5;médio alto
22768;3348236;11/09/2019;26/09/2019;3;médio baixo
22769;3097410;11/09/2019;26/09/2019;4;médio
22770;9537505;11/09/2019;26/09/2019;6;alto
22773;1957447;11/09/2019;26/09/2019;5;médio alto
22775;5841700;11/09/2019;26/09/2019;7;muito alto
22776;3241946;12/09/2019;27/09/2019;2;baixo
22777;3083147;12/09/2019;27/09/2019;5;médio alto
22778;9628573;12/09/2019;27/09/2019;4;médio
22781;5676927;12/09/2019;27/09/2019;2;baixo
22782;5907310;12/09/2019;27/09/2019;2;baixo
22783;8904241;12/09/2019;27/09/2019;3;médio baixo
22784;8770925;12/09/2019;27/09/2019;1;muito baixo
22785;8649842;13/09/2019;28/09/2019;7;muito alto
22786;4364584;13/09/2019;28/09/2019;7;muito alto
22787;7619886;13/09/2019;28/09/2019;6;alto
22788;3011740;13/09/2019;28/09/2019;6;alto
22789;3016240;14/09/2019;29/09/2019;5;médio alto
22790;2397295;14/09/2019;29/09/2019;6;alto
22791;7811496;14/09/2019;29/09/2019;6;alto
22792;9885601;14/09/2019;29/09/2019;7;muito alto
22793;2331480;14/09/2019;29/09/2019;2;baixo
22794;7217856;14/09/2019;29/09/2019;2;baixo
22795;5874907;15/09/2019;30/09/2019;4;médio
22796;6740331;15/09/2019;30/09/2019;7;muito alto
22797;3757813;15/09/2019;30/09/2019;3;médio baixo
22798;1163862;16/09/2019;01/10/2019;1;muito baixo
22799;4866972;16/09/2019;01/10/2019;4;médio
22800;2200218;16/09/2019;01/10/2019;5;médio alto
22801;2377522;16/09/2019;01/10/2019;7;muito alto
22802;6007216;16/09/2019;01/10/2019;4;médio
22807;5138163;16/09/2019;01/10/2019;5;médio alto
22808;6250096;16/09/2019;01/10/2019;3;médio baixo
22809;5922830;16/09/2019;01/10/2019;5;médio alto
22810;5402797;17/09/2019;02/10/2019;4;médio
22811;1484099;17/09/2019;02/10/2019;6;alto
22814;4688112;17/09/2019;02/10/2019;3;médio baixo
22815;4297423;17/09/2019;02/10/2019;5;médio alto
22816;2845389;17/09/2019;02/10/2019;2;baixo
22817;8485184;17/09/2019;02/10/2019;3;médio baixo
22818;9759720;17/09/2019;02/10/2019;3;médio baixo
22819;9177533;17/09/2019;02/10/2019;1;muito baixo
22820;5797895;17/09/2019;02/10/2019;2;baixo
22821;8240594;18/09/2019;03/10/2019;4;médio
22823;6456894;18/09/2019;03/10/2019;7;muito alto
22824;4426257;19/09/2019;04/10/2019;6;alto
22825;2232429;19/09/2019;04/10/2019;7;muito alto
22826;1010755;19/09/2019;04/10/2019;6;alto
22827;7738897;19/09/2019;04/10/2019;3;médio baixo
22828;3990556;19/09/2019;04/10/2019;7;muito alto
22829;5225597;20/09/2019;05/10/2019;6;alto
22830;7508175;21/09/2019;06/10/2019;6;alto
22833;5500596;21/09/2019;06/10/2019;6;alto
22834;3449919;21/09/2019;06/10/2019;7;muito alto
22835;4959731;22/09/2019;07/10/2019;1;muito baixo
22836;4463892;22/09/2019;07/10/2019;6;alto
22837;6548154;22/09/2019;07/10/2019;1;muito baixo
22838;2605959;23/09/2019;08/10/2019;3;médio baixo
22839;2716888;23/09/2019;08/10/2019;6;alto
22840;3643676;23/09/2019;08/10/2019;6;alto
22841;9094495;23/09/2019;08/10/2019;2;baixo
22842;7995817;23/09/2019;08/10/2019;1;muito baixo
22843;2274321;23/09/2019;08/10/2019;3;médio baixo
22844;9008023;23/09/2019;08/10/2019;3;médio baixo
22845;7821720;24/09/2019;09/10/2019;3;médio baixo
22846;6053807;24/09/2019;09/10/2019;5;médio alto
22849;9376462;25/09/2019;10/10/2019;2;baixo
22850;1002601;25/09/2019;10/10/2019;2;baixo
22851;4692814;25/09/2019;10/10/2019;6;alto
22852;6014416;26/09/2019;11/10/2019;2;baixo
22853;3824020;26/09/2019;11/10/2019;2;baixo
22856;6587257;26/09/2019;11/10/2019;2;baixo
22857;5980637;26/09/2019;11/10/2019;6;alto
22858;3348236;27/09/2019;12/10/2019;3;médio baixo
22859;3097410;27/09/2019;12/10/2019;4;médio
22862;9537505;27/09/2019;12/10/2019;5;médio alto
22864;1957447;27/09/2019;12/10/2019;4;médio
22865;5841700;27/09/2019;12/10/2019;6;alto
22866;3241946;28/09/2019;13/10/2019;2;baixo
22867;3083147;28/09/2019;13/10/2019;5;médio alto
22868;9628573;28/09/2019;13/10/2019;4;médio
22870;5676927;28/09/2019;13/10/2019;3;médio baixo
22871;5907310;28/09/2019;13/10/2019;1;muito baixo
22872;8904241;28/09/2019;13/10/2019;3;médio baixo
22873;8770925;28/09/2019;13/10/2019;2;baixo
22874;5990596;29/09/2019;14/10/2019;5;médio alto
22875;8649842;29/09/2019;14/10/2019;7;muito alto
22876;4364584;29/09/2019;14/10/2019;7;muito alto
22877;7619886;29/09/2019;14/10/2019;6;alto
22878;3011740;29/09/2019;14/10/2019;6;alto
22879;3016240;30/09/2019;15/10/2019;6;alto
22880;2397295;30/09/2019;15/10/2019;6;alto
22882;7811496;30/09/2019;15/10/2019;6;alto
22883;9885601;30/09/2019;15/10/2019;7;muito alto
22884;2331480;30/09/2019;15/10/2019;2;baixo
22885;7217856;30/09/2019;15/10/2019;2;baixo
22886;5874907;01/10/2019;16/10/2019;5;médio alto
22887;6740331;01/10/2019;16/10/2019;7;muito alto
22888;3757813;01/10/2019;16/10/2019;3;médio baixo
22889;9100817;02/10/2019;17/10/2019;4;médio
22890;1163862;02/10/2019;17/10/2019;2;baixo
22891;4866972;02/10/2019;17/10/2019;4;médio
22892;2200218;02/10/2019;17/10/2019;6;alto
22893;2377522;02/10/2019;17/10/2019;7;muito alto
22894;6007216;02/10/2019;17/10/2019;4;médio
22897;5138163;02/10/2019;17/10/2019;5;médio alto
22898;6250096;02/10/2019;17/10/2019;3;médio baixo
22899;5922830;02/10/2019;17/10/2019;5;médio alto
22900;5402797;03/10/2019;18/10/2019;3;médio baixo
22901;1484099;03/10/2019;18/10/2019;6;alto
22903;4688112;03/10/2019;18/10/2019;3;médio baixo
22905;4297423;03/10/2019;18/10/2019;5;médio alto
22906;2845389;03/10/2019;18/10/2019;2;baixo
22907;8485184;03/10/2019;18/10/2019;1;muito baixo
22908;9759720;03/10/2019;18/10/2019;2;baixo
22909;9177533;03/10/2019;18/10/2019;1;muito baixo
22910;5797895;03/10/2019;18/10/2019;2;baixo
22911;8240594;04/10/2019;19/10/2019;4;médio
22912;6456894;04/10/2019;19/10/2019;6;alto
22913;4426257;05/10/2019;20/10/2019;6;alto
22914;2232429;05/10/2019;20/10/2019;7;muito alto
22915;1010755;05/10/2019;20/10/2019;6;alto
22916;7738897;05/10/2019;20/10/2019;3;médio baixo
22917;3990556;05/10/2019;20/10/2019;6;alto
22918;3437707;06/10/2019;21/10/2019;5;médio alto
22919;5225597;06/10/2019;21/10/2019;6;alto
22920;7508175;07/10/2019;22/10/2019;5;médio alto
22922;5500596;07/10/2019;22/10/2019;6;alto
22923;3449919;07/10/2019;22/10/2019;5;médio alto
22924;4959731;08/10/2019;23/10/2019;1;muito baixo
22925;4463892;08/10/2019;23/10/2019;6;alto
22926;6548154;08/10/2019;23/10/2019;1;muito baixo
22927;2605959;09/10/2019;24/10/2019;4;médio
22928;2716888;09/10/2019;24/10/2019;6;alto
22929;3643676;09/10/2019;24/10/2019;7;muito alto
22930;9094495;09/10/2019;24/10/2019;1;muito baixo
22931;7995817;09/10/2019;24/10/2019;2;baixo
22934;2274321;09/10/2019;24/10/2019;3;médio baixo
22935;9008023;09/10/2019;24/10/2019;3;médio baixo
22936;7068853;10/10/2019;25/10/2019;4;médio
22937;7821720;10/10/2019;25/10/2019;3;médio baixo
22938;6053807;10/10/2019;25/10/2019;4;médio
22939;9376462;11/10/2019;26/10/2019;2;baixo
22940;1002601;11/10/2019;26/10/2019;2;baixo
22941;4692814;11/10/2019;26/10/2019;7;muito alto
22942;6014416;12/10/2019;27/10/2019;2;baixo
22943;3824020;12/10/2019;27/10/2019;3;médio baixo
22944;6587257;12/10/2019;27/10/2019;2;baixo
22945;5980637;12/10/2019;27/10/2019;7;muito alto
22946;3348236;13/10/2019;28/10/2019;2;baixo
22947;3097410;13/10/2019;28/10/2019;4;médio
22949;9537505;13/10/2019;28/10/2019;5;médio alto
22950;1957447;13/10/2019;28/10/2019;4;médio
22951;5841700;13/10/2019;28/10/2019;5;médio alto
22952;3241946;14/10/2019;29/10/2019;2;baixo
22953;3083147;14/10/2019;29/10/2019;5;médio alto
22956;9628573;14/10/2019;29/10/2019;5;médio alto
22957;5676927;14/10/2019;29/10/2019;2;baixo
22959;5907310;14/10/2019;29/10/2019;1;muito baixo
22960;8904241;14/10/2019;29/10/2019;3;médio baixo
22961;8770925;14/10/2019;29/10/2019;3;médio baixo
22962;6460120;15/10/2019;30/10/2019;5;médio alto
22963;5990596;15/10/2019;30/10/2019;5;médio alto
22964;8649842;15/10/2019;30/10/2019;7;muito alto
22965;4364584;15/10/2019;30/10/2019;7;muito alto
22966;7619886;15/10/2019;30/10/2019;6;alto
22967;3011740;15/10/2019;30/10/2019;6;alto
22968;3016240;16/10/2019;31/10/2019;6;alto
22970;2397295;16/10/2019;31/10/2019;6;alto
22971;7811496;16/10/2019;31/10/2019;6;alto
22972;9885601;16/10/2019;31/10/2019;7;muito alto
22973;2331480;16/10/2019;31/10/2019;2;baixo
22974;7217856;16/10/2019;31/10/2019;1;muito baixo
22975;5874907;17/10/2019;01/11/2019;4;médio
22976;6740331;17/10/2019;01/11/2019;7;muito alto
22977;3757813;17/10/2019;01/11/2019;3;médio baixo
22978;9100817;18/10/2019;02/11/2019;4;médio
22979;1163862;18/10/2019;02/11/2019;2;baixo
22980;4866972;18/10/2019;02/11/2019;2;baixo
22981;2200218;18/10/2019;02/11/2019;7;muito alto
22982;2377522;18/10/2019;02/11/2019;6;alto
22983;6007216;18/10/2019;02/11/2019;4;médio
22984;5138163;18/10/2019;02/11/2019;5;médio alto
22985;6250096;18/10/2019;02/11/2019;3;médio baixo
22986;5922830;18/10/2019;02/11/2019;6;alto
22987;5402797;19/10/2019;03/11/2019;4;médio
22988;1484099;19/10/2019;03/11/2019;6;alto
22989;4688112;19/10/2019;03/11/2019;3;médio baixo
22990;4297423;19/10/2019;03/11/2019;5;médio alto
22991;2845389;19/10/2019;03/11/2019;2;baixo
22992;8485184;19/10/2019;03/11/2019;1;muito baixo
22993;9759720;19/10/2019;03/11/2019;2;baixo
22994;9177533;19/10/2019;03/11/2019;1;muito baixo
22995;5797895;19/10/2019;03/11/2019;3;médio baixo
22996;8240594;20/10/2019;04/11/2019;4;médio
22997;6456894;20/10/2019;04/11/2019;6;alto
22998;4426257;21/10/2019;05/11/2019;6;alto
22999;2232429;21/10/2019;05/11/2019;7;muito alto
23000;1010755;21/10/2019;05/11/2019;7;muito alto
23001;7738897;21/10/2019;05/11/2019;2;baixo
23002;3990556;21/10/2019;05/11/2019;5;médio alto
23003;3437707;22/10/2019;06/11/2019;4;médio
23004;5225597;22/10/2019;06/11/2019;6;alto
23005;7508175;23/10/2019;07/11/2019;5;médio alto
23006;5500596;23/10/2019;07/11/2019;5;médio alto
23007;3449919;23/10/2019;07/11/2019;5;médio alto
23008;4959731;24/10/2019;08/11/2019;1;muito baixo
23009;4463892;24/10/2019;08/11/2019;5;médio alto
23010;6548154;24/10/2019;08/11/2019;1;muito baixo
23011;2605959;25/10/2019;09/11/2019;5;médio alto
23012;2716888;25/10/2019;09/11/2019;7;muito alto
23013;3643676;25/10/2019;09/11/2019;7;muito alto
23014;9094495;25/10/2019;09/11/2019;1;muito baixo
23017;7995817;25/10/2019;09/11/2019;3;médio baixo
23019;2274321;25/10/2019;09/11/2019;3;médio baixo
23020;9008023;25/10/2019;09/11/2019;2;baixo
23021;7068853;26/10/2019;10/11/2019;4;médio
23022;7821720;26/10/2019;10/11/2019;1;muito baixo
23023;6053807;26/10/2019;10/11/2019;4;médio
23024;9376462;27/10/2019;11/11/2019;3;médio baixo
23025;1002601;27/10/2019;11/11/2019;3;médio baixo
23026;4692814;27/10/2019;11/11/2019;7;muito alto
23027;6014416;28/10/2019;12/11/2019;1;muito baixo
23028;3824020;28/10/2019;12/11/2019;2;baixo
23029;6587257;28/10/2019;12/11/2019;2;baixo
23030;5980637;28/10/2019;12/11/2019;7;muito alto
23031;3348236;29/10/2019;13/11/2019;3;médio baixo
23032;3097410;29/10/2019;13/11/2019;5;médio alto
23033;9537505;29/10/2019;13/11/2019;5;médio alto
23034;1957447;29/10/2019;13/11/2019;5;médio alto
23035;5841700;29/10/2019;13/11/2019;5;médio alto
23036;3241946;30/10/2019;14/11/2019;2;baixo
23037;3083147;30/10/2019;14/11/2019;3;médio baixo
23039;9628573;30/10/2019;14/11/2019;5;médio alto
23040;5676927;30/10/2019;14/11/2019;3;médio baixo
23041;5907310;30/10/2019;14/11/2019;1;muito baixo
23042;8904241;30/10/2019;14/11/2019;3;médio baixo
23043;8770925;30/10/2019;14/11/2019;3;médio baixo
23044;9065503;31/10/2019;15/11/2019;5;médio alto
23045;6460120;31/10/2019;15/11/2019;5;médio alto
23046;5990596;31/10/2019;15/11/2019;5;médio alto
23047;8649842;31/10/2019;15/11/2019;7;muito alto
23048;4364584;31/10/2019;15/11/2019;7;muito alto
23049;7619886;31/10/2019;15/11/2019;6;alto
23050;3011740;31/10/2019;15/11/2019;6;alto
23051;1163391;01/11/2019;16/11/2019;5;médio alto
23052;3016240;01/11/2019;16/11/2019;4;médio
23053;2397295;01/11/2019;16/11/2019;6;alto
23054;7811496;01/11/2019;16/11/2019;6;alto
23055;9885601;01/11/2019;16/11/2019;6;alto
23056;2331480;01/11/2019;16/11/2019;2;baixo
23057;7217856;01/11/2019;16/11/2019;1;muito baixo
23058;5874907;02/11/2019;17/11/2019;3;médio baixo
23059;6740331;02/11/2019;17/11/2019;6;alto
23060;3757813;02/11/2019;17/11/2019;2;baixo
23061;7677939;03/11/2019;18/11/2019;3;médio baixo
23062;9100817;03/11/2019;18/11/2019;5;médio alto
23063;1163862;03/11/2019;18/11/2019;2;baixo
23064;4866972;03/11/2019;18/11/2019;2;baixo
23065;2200218;03/11/2019;18/11/2019;7;muito alto
23068;2377522;03/11/2019;18/11/2019;5;médio alto
23069;6007216;03/11/2019;18/11/2019;4;médio
23070;5138163;03/11/2019;18/11/2019;5;médio alto
23071;6250096;03/11/2019;18/11/2019;4;médio
23072;5922830;03/11/2019;18/11/2019;6;alto
23073;5402797;04/11/2019;19/11/2019;5;médio alto
23074;1484099;04/11/2019;19/11/2019;5;médio alto
23075;4688112;04/11/2019;19/11/2019;4;médio
23076;4297423;04/11/2019;19/11/2019;5;médio alto
23077;2845389;04/11/2019;19/11/2019;3;médio baixo
23078;8485184;04/11/2019;19/11/2019;1;muito baixo
23079;9759720;04/11/2019;19/11/2019;3;médio baixo
23080;9177533;04/11/2019;19/11/2019;2;baixo
23081;5797895;04/11/2019;19/11/2019;2;baixo
23082;8240594;05/11/2019;20/11/2019;4;médio
23084;6456894;05/11/2019;20/11/2019;5;médio alto
23085;4426257;06/11/2019;21/11/2019;5;médio alto
23086;2232429;06/11/2019;21/11/2019;7;muito alto
23087;1010755;06/11/2019;21/11/2019;6;alto
23088;7738897;06/11/2019;21/11/2019;2;baixo
23089;3990556;06/11/2019;21/11/2019;5;médio alto
23090;3827699;07/11/2019;22/11/2019;5;médio alto
23091;3437707;07/11/2019;22/11/2019;3;médio baixo
23092;5225597;07/11/2019;22/11/2019;7;muito alto
23093;9393338;08/11/2019;23/11/2019;6;alto
23094;7508175;08/11/2019;23/11/2019;5;médio alto
23095;5500596;08/11/2019;23/11/2019;4;médio
23096;3449919;08/11/2019;23/11/2019;5;médio alto
23097;4959731;09/11/2019;24/11/2019;2;baixo
23098;4463892;09/11/2019;24/11/2019;6;alto
23099;6548154;09/11/2019;24/11/2019;1;muito baixo
23100;2605959;10/11/2019;25/11/2019;6;alto
23101;2716888;10/11/2019;25/11/2019;7;muito alto
23102;3643676;10/11/2019;25/11/2019;7;muito alto
23103;9094495;10/11/2019;25/11/2019;2;baixo
23105;7995817;10/11/2019;25/11/2019;4;médio
23106;2274321;10/11/2019;25/11/2019;3;médio baixo
23107;9008023;10/11/2019;25/11/2019;2;baixo
23108;7068853;11/11/2019;26/11/2019;5;médio alto
23109;7821720;11/11/2019;26/11/2019;1;muito baixo
23110;6053807;11/11/2019;26/11/2019;4;médio
23113;9376462;12/11/2019;27/11/2019;4;médio
23114;1002601;12/11/2019;27/11/2019;3;médio baixo
23115;4692814;12/11/2019;27/11/2019;7;muito alto
23116;6014416;13/11/2019;28/11/2019;1;muito baixo
23117;3824020;13/11/2019;28/11/2019;2;baixo
23120;6587257;13/11/2019;28/11/2019;3;médio baixo
23121;5980637;13/11/2019;28/11/2019;6;alto
23122;8287627;14/11/2019;29/11/2019;4;médio
23123;3348236;14/11/2019;29/11/2019;3;médio baixo
23124;3097410;14/11/2019;29/11/2019;4;médio
23125;9537505;14/11/2019;29/11/2019;5;médio alto
23127;1957447;14/11/2019;29/11/2019;5;médio alto
23128;5841700;14/11/2019;29/11/2019;5;médio alto
23129;3241946;15/11/2019;30/11/2019;2;baixo
23130;3083147;15/11/2019;30/11/2019;4;médio
23131;9628573;15/11/2019;30/11/2019;6;alto
23133;5676927;15/11/2019;30/11/2019;2;baixo
23134;5907310;15/11/2019;30/11/2019;1;muito baixo
23135;8904241;15/11/2019;30/11/2019;2;baixo
23136;8770925;15/11/2019;30/11/2019;2;baixo
23137;9065503;16/11/2019;01/12/2019;5;médio alto
23138;6460120;16/11/2019;01/12/2019;7;muito alto
23139;5990596;16/11/2019;01/12/2019;4;médio
23140;8649842;16/11/2019;01/12/2019;7;muito alto
23141;4364584;16/11/2019;01/12/2019;7;muito alto
23142;7619886;16/11/2019;01/12/2019;6;alto
23143;3011740;16/11/2019;01/12/2019;5;médio alto
23144;5817108;17/11/2019;02/12/2019;2;baixo
23145;1567448;17/11/2019;02/12/2019;6;alto
23146;1163391;17/11/2019;02/12/2019;5;médio alto
23147;3016240;17/11/2019;02/12/2019;4;médio
23148;2397295;17/11/2019;02/12/2019;6;alto
23149;7811496;17/11/2019;02/12/2019;5;médio alto
23150;9885601;17/11/2019;02/12/2019;6;alto
23151;2331480;17/11/2019;02/12/2019;2;baixo
23152;7217856;17/11/2019;02/12/2019;1;muito baixo
23153;5874907;18/11/2019;03/12/2019;2;baixo
23154;6740331;18/11/2019;03/12/2019;6;alto
23155;3757813;18/11/2019;03/12/2019;2;baixo
23156;7677939;19/11/2019;04/12/2019;4;médio
23157;9100817;19/11/2019;04/12/2019;5;médio alto
23158;1163862;19/11/2019;04/12/2019;2;baixo
23159;4866972;19/11/2019;04/12/2019;4;médio
23160;2200218;19/11/2019;04/12/2019;5;médio alto
23162;2377522;19/11/2019;04/12/2019;6;alto
23163;6007216;19/11/2019;04/12/2019;3;médio baixo
23166;5138163;19/11/2019;04/12/2019;4;médio
23167;6250096;19/11/2019;04/12/2019;5;médio alto
23168;5922830;19/11/2019;04/12/2019;6;alto
23169;5402797;20/11/2019;05/12/2019;5;médio alto
23170;1484099;20/11/2019;05/12/2019;4;médio
23172;4688112;20/11/2019;05/12/2019;4;médio
23173;4297423;20/11/2019;05/12/2019;5;médio alto
23174;2845389;20/11/2019;05/12/2019;3;médio baixo
23175;8485184;20/11/2019;05/12/2019;1;muito baixo
23176;9759720;20/11/2019;05/12/2019;4;médio
23177;9177533;20/11/2019;05/12/2019;3;médio baixo
23178;5797895;20/11/2019;05/12/2019;3;médio baixo
23179;8240594;21/11/2019;06/12/2019;4;médio
23180;6456894;21/11/2019;06/12/2019;5;médio alto
23181;6508066;22/11/2019;07/12/2019;1;muito baixo
23182;4426257;22/11/2019;07/12/2019;4;médio
23183;2232429;22/11/2019;07/12/2019;6;alto
23184;1010755;22/11/2019;07/12/2019;6;alto
23185;7738897;22/11/2019;07/12/2019;2;baixo
23186;3990556;22/11/2019;07/12/2019;4;médio
23187;2229416;23/11/2019;08/12/2019;4;médio
23188;3827699;23/11/2019;08/12/2019;4;médio
23189;3437707;23/11/2019;08/12/2019;2;baixo
23190;5225597;23/11/2019;08/12/2019;7;muito alto
23191;9393338;24/11/2019;09/12/2019;6;alto
23192;7508175;24/11/2019;09/12/2019;5;médio alto
23194;5500596;24/11/2019;09/12/2019;3;médio baixo
23195;3449919;24/11/2019;09/12/2019;6;alto
23196;4959731;25/11/2019;10/12/2019;2;baixo
23197;4463892;25/11/2019;10/12/2019;6;alto
23198;6548154;25/11/2019;10/12/2019;1;muito baixo
23199;2605959;26/11/2019;11/12/2019;6;alto
23200;2716888;26/11/2019;11/12/2019;7;muito alto
23201;3643676;26/11/2019;11/12/2019;6;alto
23204;9094495;26/11/2019;11/12/2019;2;baixo
23205;7995817;26/11/2019;11/12/2019;5;médio alto
23206;2274321;26/11/2019;11/12/2019;3;médio baixo
23207;9008023;26/11/2019;11/12/2019;1;muito baixo
23208;7068853;27/11/2019;12/12/2019;5;médio alto
23209;7821720;27/11/2019;12/12/2019;1;muito baixo
23210;6053807;27/11/2019;12/12/2019;4;médio
23211;9376462;28/11/2019;13/12/2019;2;baixo
23212;1002601;28/11/2019;13/12/2019;4;médio
23213;4692814;28/11/2019;13/12/2019;7;muito alto
23214;6014416;29/11/2019;14/12/2019;1;muito baixo
23215;3824020;29/11/2019;14/12/2019;1;muito baixo
23216;6587257;29/11/2019;14/12/2019;4;médio
23217;5980637;29/11/2019;14/12/2019;6;alto
23218;8287627;30/11/2019;15/12/2019;3;médio baixo
23219;3348236;30/11/2019;15/12/2019;4;médio
23222;3097410;30/11/2019;15/12/2019;4;médio
23224;9537505;30/11/2019;15/12/2019;6;alto
23225;1957447;30/11/2019;15/12/2019;7;muito alto
23226;5841700;30/11/2019;15/12/2019;6;alto
23227;3241946;01/12/2019;16/12/2019;3;médio baixo
23230;3083147;01/12/2019;16/12/2019;3;médio baixo
23231;9628573;01/12/2019;16/12/2019;7;muito alto
23232;5676927;01/12/2019;16/12/2019;2;baixo
23233;5907310;01/12/2019;16/12/2019;2;baixo
23234;8904241;01/12/2019;16/12/2019;2;baixo
23235;8770925;01/12/2019;16/12/2019;1;muito baixo
23236;9065503;02/12/2019;17/12/2019;6;alto
23237;6460120;02/12/2019;17/12/2019;6;alto
23238;5990596;02/12/2019;17/12/2019;4;médio
23239;8649842;02/12/2019;17/12/2019;7;muito alto
23240;4364584;02/12/2019;17/12/2019;7;muito alto
23241;7619886;02/12/2019;17/12/2019;6;alto
23242;3011740;02/12/2019;17/12/2019;5;médio alto
23243;5817108;03/12/2019;18/12/2019;3;médio baixo
23244;1567448;03/12/2019;18/12/2019;6;alto
23245;1163391;03/12/2019;18/12/2019;5;médio alto
23246;3016240;03/12/2019;18/12/2019;5;médio alto
23247;2397295;03/12/2019;18/12/2019;6;alto
23248;7811496;03/12/2019;18/12/2019;5;médio alto
23249;9885601;03/12/2019;18/12/2019;6;alto
23250;2331480;03/12/2019;18/12/2019;2;baixo
23251;7217856;03/12/2019;18/12/2019;3;médio baixo
23252;5874907;04/12/2019;19/12/2019;2;baixo
23253;6740331;04/12/2019;19/12/2019;6;alto
23254;3757813;04/12/2019;19/12/2019;2;baixo
23255;7677939;05/12/2019;20/12/2019;4;médio
23256;9100817;05/12/2019;20/12/2019;4;médio
23257;1163862;05/12/2019;20/12/2019;3;médio baixo
23258;4866972;05/12/2019;20/12/2019;3;médio baixo
23261;2200218;05/12/2019;20/12/2019;4;médio
23262;2377522;05/12/2019;20/12/2019;6;alto
23263;6007216;05/12/2019;20/12/2019;2;baixo
23264;5138163;05/12/2019;20/12/2019;4;médio
23265;6250096;05/12/2019;20/12/2019;4;médio
23266;5922830;05/12/2019;20/12/2019;6;alto
23267;5402797;06/12/2019;21/12/2019;5;médio alto
23270;1484099;06/12/2019;21/12/2019;2;baixo
23271;4688112;06/12/2019;21/12/2019;3;médio baixo
23272;4297423;06/12/2019;21/12/2019;5;médio alto
23273;2845389;06/12/2019;21/12/2019;3;médio baixo
23274;8485184;06/12/2019;21/12/2019;1;muito baixo
23275;9759720;06/12/2019;21/12/2019;4;médio
23276;9177533;06/12/2019;21/12/2019;4;médio
23277;5797895;06/12/2019;21/12/2019;3;médio baixo
23278;8240594;07/12/2019;22/12/2019;4;médio
23279;6456894;07/12/2019;22/12/2019;6;alto
23280;6508066;08/12/2019;23/12/2019;1;muito baixo
23281;4426257;08/12/2019;23/12/2019;4;médio
23282;2232429;08/12/2019;23/12/2019;6;alto
23283;1010755;08/12/2019;23/12/2019;6;alto
23284;7738897;08/12/2019;23/12/2019;2;baixo
23285;3990556;08/12/2019;23/12/2019;4;médio
23286;1401744;09/12/2019;24/12/2019;7;muito alto
23287;2229416;09/12/2019;24/12/2019;5;médio alto
23288;3827699;09/12/2019;24/12/2019;4;médio
23289;3437707;09/12/2019;24/12/2019;2;baixo
23290;5225597;09/12/2019;24/12/2019;7;muito alto
23291;9393338;10/12/2019;25/12/2019;7;muito alto
23292;7508175;10/12/2019;25/12/2019;4;médio
23293;5500596;10/12/2019;25/12/2019;2;baixo
23294;3449919;10/12/2019;25/12/2019;6;alto
23295;4959731;11/12/2019;26/12/2019;2;baixo
23296;4463892;11/12/2019;26/12/2019;5;médio alto
23297;6548154;11/12/2019;26/12/2019;1;muito baixo
23298;5564623;12/12/2019;27/12/2019;5;médio alto
23299;2605959;12/12/2019;27/12/2019;6;alto
23300;2716888;12/12/2019;27/12/2019;5;médio alto
23301;3643676;12/12/2019;27/12/2019;5;médio alto
23303;9094495;12/12/2019;27/12/2019;2;baixo
23304;7995817;12/12/2019;27/12/2019;6;alto
23306;2274321;12/12/2019;27/12/2019;3;médio baixo
23307;9008023;12/12/2019;27/12/2019;1;muito baixo
23308;7068853;13/12/2019;28/12/2019;4;médio
23309;7821720;13/12/2019;28/12/2019;1;muito baixo
23310;6053807;13/12/2019;28/12/2019;4;médio
23311;9856284;14/12/2019;29/12/2019;1;muito baixo
23312;9376462;14/12/2019;29/12/2019;3;médio baixo
23313;1002601;14/12/2019;29/12/2019;5;médio alto
23316;4692814;14/12/2019;29/12/2019;6;alto
23317;6014416;15/12/2019;30/12/2019;1;muito baixo
23318;3824020;15/12/2019;30/12/2019;1;muito baixo
23319;6587257;15/12/2019;30/12/2019;3;médio baixo
23320;5980637;15/12/2019;30/12/2019;6;alto
23321;7763124;16/12/2019;31/12/2019;1;muito baixo
23322;8287627;16/12/2019;31/12/2019;3;médio baixo
23323;3348236;16/12/2019;31/12/2019;5;médio alto
23325;3097410;16/12/2019;31/12/2019;5;médio alto
23326;9537505;16/12/2019;31/12/2019;6;alto
23327;1957447;16/12/2019;31/12/2019;7;muito alto
23328;5841700;16/12/2019;31/12/2019;7;muito alto
23329;6835192;17/12/2019;01/01/2020;4;médio
23330;3241946;17/12/2019;01/01/2020;3;médio baixo
23332;3083147;17/12/2019;01/01/2020;3;médio baixo
23334;9628573;17/12/2019;01/01/2020;7;muito alto
23335;5676927;17/12/2019;01/01/2020;2;baixo
23336;5907310;17/12/2019;01/01/2020;3;médio baixo
23337;8904241;17/12/2019;01/01/2020;3;médio baixo
23338;8770925;17/12/2019;01/01/2020;1;muito baixo
23339;9065503;18/12/2019;02/01/2020;6;alto
23340;6460120;18/12/2019;02/01/2020;6;alto
23341;5990596;18/12/2019;02/01/2020;4;médio
23342;8649842;18/12/2019;02/01/2020;7;muito alto
23343;4364584;18/12/2019;02/01/2020;7;muito alto
23344;7619886;18/12/2019;02/01/2020;6;alto
23345;3011740;18/12/2019;02/01/2020;5;médio alto
23346;5817108;19/12/2019;03/01/2020;2;baixo
23347;1567448;19/12/2019;03/01/2020;5;médio alto
23348;1163391;19/12/2019;03/01/2020;5;médio alto
23349;3016240;19/12/2019;03/01/2020;5;médio alto
23350;2397295;19/12/2019;03/01/2020;7;muito alto
23351;7811496;19/12/2019;03/01/2020;6;alto
23352;9885601;19/12/2019;03/01/2020;5;médio alto
23353;2331480;19/12/2019;03/01/2020;1;muito baixo
23354;7217856;19/12/2019;03/01/2020;3;médio baixo
23355;5874907;20/12/2019;04/01/2020;2;baixo
23356;6740331;20/12/2019;04/01/2020;6;alto
23357;3757813;20/12/2019;04/01/2020;1;muito baixo
23358;7677939;21/12/2019;05/01/2020;4;médio
23359;9100817;21/12/2019;05/01/2020;5;médio alto
23360;1163862;21/12/2019;05/01/2020;3;médio baixo
23361;4866972;21/12/2019;05/01/2020;4;médio
23363;2200218;21/12/2019;05/01/2020;5;médio alto
23364;2377522;21/12/2019;05/01/2020;7;muito alto
23365;6007216;21/12/2019;05/01/2020;2;baixo
23366;5138163;21/12/2019;05/01/2020;4;médio
23367;6250096;21/12/2019;05/01/2020;5;médio alto
23368;5922830;21/12/2019;05/01/2020;7;muito alto
23369;5402797;22/12/2019;06/01/2020;6;alto
23371;1484099;22/12/2019;06/01/2020;2;baixo
23372;4688112;22/12/2019;06/01/2020;4;médio
23373;4297423;22/12/2019;06/01/2020;6;alto
23374;2845389;22/12/2019;06/01/2020;3;médio baixo
23375;8485184;22/12/2019;06/01/2020;1;muito baixo
23376;9759720;22/12/2019;06/01/2020;4;médio
23377;9177533;22/12/2019;06/01/2020;4;médio
23378;5797895;22/12/2019;06/01/2020;3;médio baixo
23379;8240594;23/12/2019;07/01/2020;4;médio
23380;6456894;23/12/2019;07/01/2020;5;médio alto
23381;6508066;24/12/2019;08/01/2020;1;muito baixo
23382;4426257;24/12/2019;08/01/2020;4;médio
23383;2232429;24/12/2019;08/01/2020;7;muito alto
23384;1010755;24/12/2019;08/01/2020;6;alto
23385;7738897;24/12/2019;08/01/2020;2;baixo
23386;3990556;24/12/2019;08/01/2020;4;médio
23387;1401744;25/12/2019;09/01/2020;7;muito alto
23388;2229416;25/12/2019;09/01/2020;4;médio
23389;3827699;25/12/2019;09/01/2020;5;médio alto
23390;3437707;25/12/2019;09/01/2020;2;baixo
23391;5225597;25/12/2019;09/01/2020;7;muito alto
23392;9393338;26/12/2019;10/01/2020;7;muito alto
23393;7508175;26/12/2019;10/01/2020;4;médio
23394;5500596;26/12/2019;10/01/2020;2;baixo
23395;3449919;26/12/2019;10/01/2020;7;muito alto
23396;4959731;27/12/2019;11/01/2020;2;baixo
23397;4463892;27/12/2019;11/01/2020;6;alto
23398;6548154;27/12/2019;11/01/2020;1;muito baixo
23399;5564623;28/12/2019;12/01/2020;5;médio alto
23400;2605959;28/12/2019;12/01/2020;6;alto
23401;2716888;28/12/2019;12/01/2020;6;alto
23406;3643676;28/12/2019;12/01/2020;6;alto
23407;9094495;28/12/2019;12/01/2020;3;médio baixo
23409;7995817;28/12/2019;12/01/2020;4;médio
23410;2274321;28/12/2019;12/01/2020;3;médio baixo
23411;9008023;28/12/2019;12/01/2020;1;muito baixo
23412;7068853;29/12/2019;13/01/2020;4;médio
23413;7821720;29/12/2019;13/01/2020;2;baixo
23414;6053807;29/12/2019;13/01/2020;5;médio alto
23415;9856284;30/12/2019;14/01/2020;1;muito baixo
23416;9376462;30/12/2019;14/01/2020;3;médio baixo
23417;1002601;30/12/2019;14/01/2020;5;médio alto
23419;4692814;30/12/2019;14/01/2020;5;médio alto
23420;6014416;31/12/2019;15/01/2020;2;baixo
23421;3824020;31/12/2019;15/01/2020;1;muito baixo
23422;6587257;31/12/2019;15/01/2020;3;médio baixo
23423;5980637;31/12/2019;15/01/2020;6;alto
23424;7763124;01/01/2020;16/01/2020;1;muito baixo
23425;8287627;01/01/2020;16/01/2020;3;médio baixo
23426;3348236;01/01/2020;16/01/2020;5;médio alto
23427;3097410;01/01/2020;16/01/2020;4;médio
23428;9537505;01/01/2020;16/01/2020;6;alto
23429;1957447;01/01/2020;16/01/2020;7;muito alto
23430;5841700;01/01/2020;16/01/2020;7;muito alto
23431;3928092;02/01/2020;17/01/2020;5;médio alto
23432;6835192;02/01/2020;17/01/2020;4;médio
23433;3241946;02/01/2020;17/01/2020;4;médio
23434;3083147;02/01/2020;17/01/2020;3;médio baixo
23435;9628573;02/01/2020;17/01/2020;7;muito alto
23436;5676927;02/01/2020;17/01/2020;2;baixo
23437;5907310;02/01/2020;17/01/2020;1;muito baixo
23438;8904241;02/01/2020;17/01/2020;3;médio baixo
23439;8770925;02/01/2020;17/01/2020;1;muito baixo
23440;9065503;03/01/2020;18/01/2020;5;médio alto
23441;6460120;03/01/2020;18/01/2020;6;alto
23442;5990596;03/01/2020;18/01/2020;4;médio
23443;8649842;03/01/2020;18/01/2020;6;alto
23444;4364584;03/01/2020;18/01/2020;7;muito alto
23445;7619886;03/01/2020;18/01/2020;7;muito alto
23446;3011740;03/01/2020;18/01/2020;6;alto
23447;5817108;04/01/2020;19/01/2020;2;baixo
23448;1567448;04/01/2020;19/01/2020;6;alto
23449;1163391;04/01/2020;19/01/2020;5;médio alto
23450;3016240;04/01/2020;19/01/2020;5;médio alto
23451;2397295;04/01/2020;19/01/2020;6;alto
23452;7811496;04/01/2020;19/01/2020;5;médio alto
23453;9885601;04/01/2020;19/01/2020;5;médio alto
23454;2331480;04/01/2020;19/01/2020;1;muito baixo
23455;7217856;04/01/2020;19/01/2020;3;médio baixo
23456;5874907;05/01/2020;20/01/2020;2;baixo
23457;6740331;05/01/2020;20/01/2020;5;médio alto
23458;3757813;05/01/2020;20/01/2020;1;muito baixo
23459;7677939;06/01/2020;21/01/2020;4;médio
23460;9100817;06/01/2020;21/01/2020;4;médio
23461;1163862;06/01/2020;21/01/2020;2;baixo
23462;4866972;06/01/2020;21/01/2020;5;médio alto
23463;2200218;06/01/2020;21/01/2020;6;alto
23465;2377522;06/01/2020;21/01/2020;7;muito alto
23466;6007216;06/01/2020;21/01/2020;2;baixo
23467;5138163;06/01/2020;21/01/2020;4;médio
23468;6250096;06/01/2020;21/01/2020;6;alto
23469;5922830;06/01/2020;21/01/2020;7;muito alto
23470;5402797;07/01/2020;22/01/2020;5;médio alto
23471;1484099;07/01/2020;22/01/2020;2;baixo
23472;4688112;07/01/2020;22/01/2020;5;médio alto
23473;4297423;07/01/2020;22/01/2020;7;muito alto
23474;2845389;07/01/2020;22/01/2020;3;médio baixo
23475;8485184;07/01/2020;22/01/2020;1;muito baixo
23476;9759720;07/01/2020;22/01/2020;4;médio
23477;9177533;07/01/2020;22/01/2020;4;médio
23478;5797895;07/01/2020;22/01/2020;3;médio baixo
23479;8240594;08/01/2020;23/01/2020;5;médio alto
23480;6456894;08/01/2020;23/01/2020;5;médio alto
23481;6508066;09/01/2020;24/01/2020;1;muito baixo
23482;4426257;09/01/2020;24/01/2020;3;médio baixo
23483;2232429;09/01/2020;24/01/2020;7;muito alto
23484;1010755;09/01/2020;24/01/2020;7;muito alto
23485;7738897;09/01/2020;24/01/2020;2;baixo
23486;3990556;09/01/2020;24/01/2020;5;médio alto
23487;1401744;10/01/2020;25/01/2020;7;muito alto
23488;2229416;10/01/2020;25/01/2020;3;médio baixo
23489;3827699;10/01/2020;25/01/2020;5;médio alto
23490;3437707;10/01/2020;25/01/2020;3;médio baixo
23491;5225597;10/01/2020;25/01/2020;7;muito alto
23492;9393338;11/01/2020;26/01/2020;7;muito alto
23493;7508175;11/01/2020;26/01/2020;4;médio
23494;5500596;11/01/2020;26/01/2020;2;baixo
23495;3449919;11/01/2020;26/01/2020;7;muito alto
23496;4959731;12/01/2020;27/01/2020;1;muito baixo
23497;4463892;12/01/2020;27/01/2020;6;alto
23498;6548154;12/01/2020;27/01/2020;1;muito baixo
23499;5564623;13/01/2020;28/01/2020;5;médio alto
23500;2605959;13/01/2020;28/01/2020;6;alto
23501;2716888;13/01/2020;28/01/2020;5;médio alto
23504;3643676;13/01/2020;28/01/2020;6;alto
23505;9094495;13/01/2020;28/01/2020;4;médio
23506;7995817;13/01/2020;28/01/2020;4;médio
23507;2274321;13/01/2020;28/01/2020;3;médio baixo
23508;9008023;13/01/2020;28/01/2020;2;baixo
23509;7068853;14/01/2020;29/01/2020;4;médio
23510;7821720;14/01/2020;29/01/2020;2;baixo
23511;6053807;14/01/2020;29/01/2020;5;médio alto
23512;1119772;15/01/2020;30/01/2020;6;alto
23513;9856284;15/01/2020;30/01/2020;1;muito baixo
23514;9376462;15/01/2020;30/01/2020;3;médio baixo
23517;1002601;15/01/2020;30/01/2020;1;muito baixo
23518;4692814;15/01/2020;30/01/2020;5;médio alto
23519;6014416;16/01/2020;31/01/2020;4;médio
23520;3824020;16/01/2020;31/01/2020;2;baixo
23521;6587257;16/01/2020;31/01/2020;2;baixo
23522;5980637;16/01/2020;31/01/2020;6;alto
23523;7763124;17/01/2020;01/02/2020;1;muito baixo
23524;8287627;17/01/2020;01/02/2020;3;médio baixo
23525;3348236;17/01/2020;01/02/2020;6;alto
23526;3097410;17/01/2020;01/02/2020;4;médio
23527;9537505;17/01/2020;01/02/2020;7;muito alto
23528;1957447;17/01/2020;01/02/2020;7;muito alto
23529;5841700;17/01/2020;01/02/2020;7;muito alto
23530;3928092;18/01/2020;02/02/2020;4;médio
23531;6835192;18/01/2020;02/02/2020;3;médio baixo
23532;3241946;18/01/2020;02/02/2020;4;médio
23533;3083147;18/01/2020;02/02/2020;3;médio baixo
23534;9628573;18/01/2020;02/02/2020;7;muito alto
23535;5676927;18/01/2020;02/02/2020;2;baixo
23536;5907310;18/01/2020;02/02/2020;2;baixo
23537;8904241;18/01/2020;02/02/2020;3;médio baixo
23538;8770925;18/01/2020;02/02/2020;1;muito baixo
23539;9065503;19/01/2020;03/02/2020;5;médio alto
23540;6460120;19/01/2020;03/02/2020;7;muito alto
23541;5990596;19/01/2020;03/02/2020;3;médio baixo
23542;8649842;19/01/2020;03/02/2020;6;alto
23543;4364584;19/01/2020;03/02/2020;7;muito alto
23544;7619886;19/01/2020;03/02/2020;7;muito alto
23545;3011740;19/01/2020;03/02/2020;7;muito alto
23546;5817108;20/01/2020;04/02/2020;2;baixo
23547;1567448;20/01/2020;04/02/2020;6;alto
23548;1163391;20/01/2020;04/02/2020;5;médio alto
23549;3016240;20/01/2020;04/02/2020;5;médio alto
23550;2397295;20/01/2020;04/02/2020;7;muito alto
23551;7811496;20/01/2020;04/02/2020;6;alto
23552;9885601;20/01/2020;04/02/2020;6;alto
23553;2331480;20/01/2020;04/02/2020;2;baixo
23554;7217856;20/01/2020;04/02/2020;3;médio baixo
23555;2049725;21/01/2020;05/02/2020;1;muito baixo
23556;5874907;21/01/2020;05/02/2020;2;baixo
23557;6740331;21/01/2020;05/02/2020;5;médio alto
23558;3757813;21/01/2020;05/02/2020;1;muito baixo
23559;7677939;22/01/2020;06/02/2020;4;médio
23560;9100817;22/01/2020;06/02/2020;4;médio
23561;1163862;22/01/2020;06/02/2020;3;médio baixo
23564;4866972;22/01/2020;06/02/2020;5;médio alto
23565;2200218;22/01/2020;06/02/2020;6;alto
23566;2377522;22/01/2020;06/02/2020;7;muito alto
23567;6007216;22/01/2020;06/02/2020;1;muito baixo
23568;5138163;22/01/2020;06/02/2020;4;médio
23569;6250096;22/01/2020;06/02/2020;5;médio alto
23570;5922830;22/01/2020;06/02/2020;7;muito alto
23571;5402797;23/01/2020;07/02/2020;6;alto
23572;1484099;23/01/2020;07/02/2020;2;baixo
23573;4688112;23/01/2020;07/02/2020;5;médio alto
23574;4297423;23/01/2020;07/02/2020;7;muito alto
23575;2845389;23/01/2020;07/02/2020;1;muito baixo
23576;8485184;23/01/2020;07/02/2020;1;muito baixo
23577;9759720;23/01/2020;07/02/2020;5;médio alto
23578;9177533;23/01/2020;07/02/2020;3;médio baixo
23579;5797895;23/01/2020;07/02/2020;4;médio
23580;8240594;24/01/2020;08/02/2020;6;alto
23581;6456894;24/01/2020;08/02/2020;6;alto
23582;6508066;25/01/2020;09/02/2020;2;baixo
23583;4426257;25/01/2020;09/02/2020;4;médio
23584;2232429;25/01/2020;09/02/2020;7;muito alto
23585;1010755;25/01/2020;09/02/2020;6;alto
23586;7738897;25/01/2020;09/02/2020;2;baixo
23587;3990556;25/01/2020;09/02/2020;7;muito alto
23588;1401744;26/01/2020;10/02/2020;7;muito alto
23589;2229416;26/01/2020;10/02/2020;1;muito baixo
23590;3827699;26/01/2020;10/02/2020;5;médio alto
23591;3437707;26/01/2020;10/02/2020;3;médio baixo
23592;5225597;26/01/2020;10/02/2020;6;alto
23593;9393338;27/01/2020;11/02/2020;7;muito alto
23594;7508175;27/01/2020;11/02/2020;4;médio
23595;5500596;27/01/2020;11/02/2020;2;baixo
23596;3449919;27/01/2020;11/02/2020;7;muito alto
23597;4959731;28/01/2020;12/02/2020;2;baixo
23598;4463892;28/01/2020;12/02/2020;5;médio alto
23599;6548154;28/01/2020;12/02/2020;1;muito baixo
23600;5564623;29/01/2020;13/02/2020;7;muito alto
23601;2605959;29/01/2020;13/02/2020;7;muito alto
23602;2716888;29/01/2020;13/02/2020;4;médio
23603;3643676;29/01/2020;13/02/2020;6;alto
23605;9094495;29/01/2020;13/02/2020;4;médio
23606;7995817;29/01/2020;13/02/2020;3;médio baixo
23607;2274321;29/01/2020;13/02/2020;3;médio baixo
23608;9008023;29/01/2020;13/02/2020;2;baixo
23609;7068853;30/01/2020;14/02/2020;4;médio
23610;7821720;30/01/2020;14/02/2020;2;baixo
23611;6053807;30/01/2020;14/02/2020;5;médio alto
23612;1119772;31/01/2020;15/02/2020;7;muito alto
23613;9856284;31/01/2020;15/02/2020;1;muito baixo
23614;9376462;31/01/2020;15/02/2020;6;alto
23616;1002601;31/01/2020;15/02/2020;1;muito baixo
23617;4692814;31/01/2020;15/02/2020;5;médio alto
23618;6014416;01/02/2020;16/02/2020;2;baixo
23619;3824020;01/02/2020;16/02/2020;3;médio baixo
23620;6587257;01/02/2020;16/02/2020;2;baixo
23621;5980637;01/02/2020;16/02/2020;6;alto
23622;7763124;02/02/2020;17/02/2020;1;muito baixo
23623;8287627;02/02/2020;17/02/2020;4;médio
23624;3348236;02/02/2020;17/02/2020;7;muito alto
23626;3097410;02/02/2020;17/02/2020;5;médio alto
23627;9537505;02/02/2020;17/02/2020;7;muito alto
23628;1957447;02/02/2020;17/02/2020;7;muito alto
23629;5841700;02/02/2020;17/02/2020;7;muito alto
23630;8796645;03/02/2020;18/02/2020;6;alto
23631;3928092;03/02/2020;18/02/2020;3;médio baixo
23632;6835192;03/02/2020;18/02/2020;3;médio baixo
23633;3241946;03/02/2020;18/02/2020;5;médio alto
23635;3083147;03/02/2020;18/02/2020;2;baixo
23636;9628573;03/02/2020;18/02/2020;7;muito alto
23637;5676927;03/02/2020;18/02/2020;4;médio
23638;5907310;03/02/2020;18/02/2020;2;baixo
23639;8904241;03/02/2020;18/02/2020;3;médio baixo
23640;8770925;03/02/2020;18/02/2020;1;muito baixo
23641;9065503;04/02/2020;19/02/2020;5;médio alto
23642;6460120;04/02/2020;19/02/2020;7;muito alto
23643;5990596;04/02/2020;19/02/2020;2;baixo
23646;8649842;04/02/2020;19/02/2020;6;alto
23647;4364584;04/02/2020;19/02/2020;6;alto
23648;7619886;04/02/2020;19/02/2020;7;muito alto
23649;3011740;04/02/2020;19/02/2020;7;muito alto
23650;5817108;05/02/2020;;2;baixo
23651;1567448;05/02/2020;;7;muito alto
23652;1163391;05/02/2020;;5;médio alto
23653;5817108;05/02/2020;20/02/2020;2;baixo
23654;1163391;05/02/2020;20/02/2020;5;médio alto
23655;1567448;05/02/2020;20/02/2020;7;muito alto
23656;3016240;05/02/2020;20/02/2020;5;médio alto
23657;2397295;05/02/2020;20/02/2020;7;muito alto
23658;7811496;05/02/2020;20/02/2020;5;médio alto
23659;9885601;05/02/2020;20/02/2020;6;alto
23660;2331480;05/02/2020;20/02/2020;2;baixo
23661;7217856;05/02/2020;20/02/2020;2;baixo
23662;2049725;06/02/2020;;1;muito baixo
23664;5874907;06/02/2020;;3;médio baixo
23665;6740331;06/02/2020;;4;médio
23666;3757813;06/02/2020;;1;muito baixo
23667;5325348;07/02/2020;;3;médio baixo
23668;7677939;07/02/2020;;4;médio
23669;9100817;07/02/2020;;4;médio
23672;1163862;07/02/2020;;2;baixo
23674;4866972;07/02/2020;;4;médio
23680;2200218;07/02/2020;;6;alto
23681;2377522;07/02/2020;;7;muito alto
23682;6007216;07/02/2020;;1;muito baixo
23683;5138163;07/02/2020;;5;médio alto
23684;6250096;07/02/2020;;5;médio alto
23685;5922830;07/02/2020;;7;muito alto
23686;5402797;08/02/2020;;7;muito alto
23689;1484099;08/02/2020;;1;muito baixo
23690;4688112;08/02/2020;;5;médio alto
23691;4297423;08/02/2020;;7;muito alto
23692;2845389;08/02/2020;;2;baixo
23693;8485184;08/02/2020;;1;muito baixo
23694;9759720;08/02/2020;;7;muito alto
23695;9177533;08/02/2020;;4;médio
23696;5797895;08/02/2020;;3;médio baixo
23697;8240594;09/02/2020;;6;alto
23698;6456894;09/02/2020;;6;alto
23699;6508066;10/02/2020;;2;baixo
23701;4426257;10/02/2020;;5;médio alto
23702;2232429;10/02/2020;;7;muito alto
23703;1010755;10/02/2020;;6;alto
23704;7738897;10/02/2020;;1;muito baixo
23705;3990556;10/02/2020;;6;alto
23706;1401744;11/02/2020;;7;muito alto
23707;2229416;11/02/2020;;1;muito baixo
23708;3827699;11/02/2020;;4;médio
23709;3437707;11/02/2020;;4;médio
23716;5225597;11/02/2020;;5;médio alto
23717;9393338;12/02/2020;;7;muito alto
23719;7508175;12/02/2020;;4;médio
23720;5500596;12/02/2020;;2;baixo
23721;3449919;12/02/2020;;7;muito alto
23722;4959731;13/02/2020;;1;muito baixo
23723;4463892;13/02/2020;;4;médio
23724;6548154;13/02/2020;;2;baixo
23725;3867124;14/02/2020;;3;médio baixo
23726;5564623;14/02/2020;;7;muito alto
23727;2605959;14/02/2020;;7;muito alto
23728;2716888;14/02/2020;;3;médio baixo
23730;3643676;14/02/2020;;5;médio alto
23733;9094495;14/02/2020;;4;médio
23734;7995817;14/02/2020;;2;baixo
23735;2274321;14/02/2020;;3;médio baixo
23736;9008023;14/02/2020;;2;baixo
23737;7068853;15/02/2020;;6;alto
23741;7821720;15/02/2020;;2;baixo
23742;6053807;15/02/2020;;4;médio
23743;1119772;16/02/2020;;7;muito alto
23744;9856284;16/02/2020;;1;muito baixo
23745;9376462;16/02/2020;;7;muito alto
23746;1002601;16/02/2020;;1;muito baixo
23752;4692814;16/02/2020;;5;médio alto
23753;6014416;17/02/2020;;4;médio
23754;3824020;17/02/2020;;3;médio baixo
23755;6587257;17/02/2020;;2;baixo
23756;5980637;17/02/2020;;7;muito alto
23757;7763124;18/02/2020;;2;baixo
23758;8287627;18/02/2020;;5;médio alto
23761;3348236;18/02/2020;;6;alto
23762;3097410;18/02/2020;;6;alto
23763;9537505;18/02/2020;;7;muito alto
23764;1957447;18/02/2020;;6;alto
23765;5841700;18/02/2020;;6;alto
23766;2535620;19/02/2020;;4;médio
23767;8796645;19/02/2020;;7;muito alto
23768;3928092;19/02/2020;;4;médio
23769;6835192;19/02/2020;;3;médio baixo
23771;3241946;19/02/2020;;4;médio
23774;3083147;19/02/2020;;3;médio baixo
23775;9628573;19/02/2020;;6;alto
23776;5676927;19/02/2020;;4;médio
23777;5907310;19/02/2020;;1;muito baixo
23778;8904241;19/02/2020;;2;baixo
23779;8770925;19/02/2020;;1;muito baixo
23780;9065503;20/02/2020;;5;médio alto
23781;6460120;20/02/2020;;7;muito alto
23784;5990596;20/02/2020;;4;médio
23789;8649842;20/02/2020;;7;muito alto
23790;4364584;20/02/2020;;7;muito alto
23791;7619886;20/02/2020;;7;muito alto
23792;3011740;20/02/2020;;6;alto
